tipo,username,nombre_completo,url_perfil,foto,facebook_id,interaccion,texto_comentario
PERFIL,johana.romero.520357,Johana Romero,https://www.facebook.com/johana.romero.520357/,,100022461523213,,
AMIGO,l.php,,https://l.facebook.com/l.php/,,,,
AMIGO,johana.romero.520357,,https://www.facebook.com/johana.romero.520357/about/,,,,
AMIGO,cecilia.gonzalez.45266,,https://www.facebook.com/cecilia.gonzalez.45266/,,,,
AMIGO,marc.mend.75,,https://www.facebook.com/marc.mend.75/,,,,
AMIGO,jose.sanchez.867949,,https://www.facebook.com/jose.sanchez.867949/,,,,
AMIGO,carloseduardo.morenocruz,,https://www.facebook.com/carloseduardo.morenocruz/,,,,
AMIGO,ndmldnd,,https://www.facebook.com/ndmldnd/,,,,
AMIGO,josepablo.guerrerozepeda.3,,https://www.facebook.com/josepablo.guerrerozepeda.3/,,,,
AMIGO,morales.enrique.671258,,https://www.facebook.com/morales.enrique.671258/,,,,
AMIGO,erik.roman.311,,https://www.facebook.com/erik.roman.311/,,,,
AMIGO,tribunaddhhuamazc,,https://www.facebook.com/tribunaddhhuamazc/,,,,
AMIGO,sofia.montes.777521,,https://www.facebook.com/sofia.montes.777521/,,,,
AMIGO,frankelmasse,,https://www.facebook.com/frankelmasse/,,,,
AMIGO,panteritas.uama,,https://www.facebook.com/panteritas.uama/,,,,
AMIGO,jac.hope.7,,https://www.facebook.com/jac.hope.7/,,,,
AMIGO,alede.arreola02,,https://www.facebook.com/alede.arreola02/,,,,
AMIGO,ian.delamora.3,,https://www.facebook.com/ian.delamora.3/,,,,
AMIGO,josafat.rodrigueztrejo,,https://www.facebook.com/josafat.rodrigueztrejo/,,,,
AMIGO,fer.feriver23,,https://www.facebook.com/fer.feriver23/,,,,
AMIGO,Juano.jv01,,https://www.facebook.com/Juano.jv01/,,,,
AMIGO,mazawizi,,https://www.facebook.com/mazawizi/,,,,
AMIGO,angarviel,,https://www.facebook.com/angarviel/,,,,
AMIGO,nancy.beckhman,,https://www.facebook.com/nancy.beckhman/,,,,
AMIGO,aranzaxcs,,https://www.facebook.com/aranzaxcs/,,,,
AMIGO,josejuan.gonzalez.1420,,https://www.facebook.com/josejuan.gonzalez.1420/,,,,
AMIGO,erandy.leyva.104,,https://www.facebook.com/erandy.leyva.104/,,,,
AMIGO,derek.montufar,,https://www.facebook.com/derek.montufar/,,,,
AMIGO,brandon.tinococruz,,https://www.facebook.com/brandon.tinococruz/,,,,
AMIGO,gael.orta.5688,,https://www.facebook.com/gael.orta.5688/,,,,
AMIGO,DiazChang.Andres,,https://www.facebook.com/DiazChang.Andres/,,,,
AMIGO,ernesto.rodriguez.706200,,https://www.facebook.com/ernesto.rodriguez.706200/,,,,
AMIGO,rentrouble,,https://www.facebook.com/rentrouble/,,,,
AMIGO,jordi.luna.807678,,https://www.facebook.com/jordi.luna.807678/,,,,
AMIGO,vitrales.imparableromero,,https://www.facebook.com/vitrales.imparableromero/,,,,
AMIGO,sulo.sanchezsuarez,,https://www.facebook.com/sulo.sanchezsuarez/,,,,
AMIGO,samuelrodolfo.flores,,https://www.facebook.com/samuelrodolfo.flores/,,,,
AMIGO,guusthavoo.hdeez,,https://www.facebook.com/guusthavoo.hdeez/,,,,
AMIGO,Yuli.macario13,,https://www.facebook.com/Yuli.macario13/,,,,
AMIGO,mario.sanchezalvarado.779,,https://www.facebook.com/mario.sanchezalvarado.779/,,,,
AMIGO,marco.sosa.7902,,https://www.facebook.com/marco.sosa.7902/,,,,
AMIGO,iker.tristan.2025,,https://www.facebook.com/iker.tristan.2025/,,,,
AMIGO,moonmoon.bzr,,https://www.facebook.com/moonmoon.bzr/,,,,
AMIGO,freddy.campero.ruiz.2025,,https://www.facebook.com/freddy.campero.ruiz.2025/,,,,
AMIGO,mary.peralta.90834,,https://www.facebook.com/mary.peralta.90834/,,,,
AMIGO,dani.fornite.353,,https://www.facebook.com/dani.fornite.353/,,,,
AMIGO,thecracksmc,,https://www.facebook.com/thecracksmc/,,,,
AMIGO,alexcazarez,,https://www.facebook.com/alexcazarez/,,,,
AMIGO,luisdaniel.torres.395,,https://www.facebook.com/luisdaniel.torres.395/,,,,
AMIGO,said.altamirano.10,,https://www.facebook.com/said.altamirano.10/,,,,
AMIGO,osso.barraza.3,,https://www.facebook.com/osso.barraza.3/,,,,
AMIGO,DnielRE,,https://www.facebook.com/DnielRE/,,,,
AMIGO,jonathan.tapia.468646,,https://www.facebook.com/jonathan.tapia.468646/,,,,
AMIGO,braulio.montoya.33,,https://www.facebook.com/braulio.montoya.33/,,,,
AMIGO,cristian.h.3109,,https://www.facebook.com/cristian.h.3109/,,,,
AMIGO,FercheeseAbascal,,https://www.facebook.com/FercheeseAbascal/,,,,
AMIGO,xiadani.flors.2025,,https://www.facebook.com/xiadani.flors.2025/,,,,
AMIGO,polloreto.sg,,https://www.facebook.com/polloreto.sg/,,,,
AMIGO,alexa.ac.77,,https://www.facebook.com/alexa.ac.77/,,,,
AMIGO,soto.robles.luis.daniel,,https://www.facebook.com/soto.robles.luis.daniel/,,,,
AMIGO,grecy.flores,,https://www.facebook.com/grecy.flores/,,,,
AMIGO,unknown,,https://www.facebook.com/profile.php/,,,,
AMIGO,elisa.palominoangeles,,https://www.facebook.com/elisa.palominoangeles/,,,,
AMIGO,claudia.magnogonzalez,,https://www.facebook.com/claudia.magnogonzalez/,,,,
AMIGO,luzelena.floresflores.1,,https://www.facebook.com/luzelena.floresflores.1/,,,,
AMIGO,hugo.perez.669835,,https://www.facebook.com/hugo.perez.669835/,,,,
AMIGO,camila.beristain.90,,https://www.facebook.com/camila.beristain.90/,,,,
AMIGO,dianateresa.garcia.3,,https://www.facebook.com/dianateresa.garcia.3/,,,,
AMIGO,claritza.ortizcruz.9,,https://www.facebook.com/claritza.ortizcruz.9/,,,,
AMIGO,hao.yuan.480571,,https://www.facebook.com/hao.yuan.480571/,,,,
AMIGO,christopher.dominguezcortez.5,,https://www.facebook.com/christopher.dominguezcortez.5/,,,,
AMIGO,romel.romero.9699,,https://www.facebook.com/romel.romero.9699/,,,,
AMIGO,majo.morazan.5,,https://www.facebook.com/majo.morazan.5/,,,,
AMIGO,emilio.jarillohernandez,,https://www.facebook.com/emilio.jarillohernandez/,,,,
AMIGO,pamfoster95,,https://www.facebook.com/pamfoster95/,,,,
AMIGO,kikessu.u,,https://www.facebook.com/kikessu.u/,,,,
AMIGO,OasisTheLibertines,,https://www.facebook.com/OasisTheLibertines/,,,,
AMIGO,Albertoojhdz,,https://www.facebook.com/Albertoojhdz/,,,,
AMIGO,jared.qm.50,,https://www.facebook.com/jared.qm.50/,,,,
AMIGO,mariel.gonzalez.549668,,https://www.facebook.com/mariel.gonzalez.549668/,,,,
AMIGO,lidia.espiridian.96,,https://www.facebook.com/lidia.espiridian.96/,,,,
AMIGO,IVANAMPORTILLO,,https://www.facebook.com/IVANAMPORTILLO/,,,,
AMIGO,fernanda.hg.520744,,https://www.facebook.com/fernanda.hg.520744/,,,,
AMIGO,jonathan.pocel,,https://www.facebook.com/jonathan.pocel/,,,,
AMIGO,jaz.lop.mora,,https://www.facebook.com/jaz.lop.mora/,,,,
AMIGO,diana.laura.5686322,,https://www.facebook.com/diana.laura.5686322/,,,,
AMIGO,KaitlynEstefania,,https://www.facebook.com/KaitlynEstefania/,,,,
AMIGO,goalmazan,,https://www.facebook.com/goalmazan/,,,,
AMIGO,Jonasdanger117,,https://www.facebook.com/Jonasdanger117/,,,,
AMIGO,axel.ortiz.727625,,https://www.facebook.com/axel.ortiz.727625/,,,,
AMIGO,leslye.sandoval.9235,,https://www.facebook.com/leslye.sandoval.9235/,,,,
AMIGO,abyfrancoid3,,https://www.facebook.com/abyfrancoid3/,,,,
AMIGO,kevin.real.3150,,https://www.facebook.com/kevin.real.3150/,,,,
AMIGO,jesus.lima.704513,,https://www.facebook.com/jesus.lima.704513/,,,,
AMIGO,alexia.michelle.630223,,https://www.facebook.com/alexia.michelle.630223/,,,,
AMIGO,miguel.pv.482794,,https://www.facebook.com/miguel.pv.482794/,,,,
AMIGO,omar.martinez.465923,,https://www.facebook.com/omar.martinez.465923/,,,,
AMIGO,rxsnini,,https://www.facebook.com/rxsnini/,,,,
AMIGO,valeria.tovar.7106,,https://www.facebook.com/valeria.tovar.7106/,,,,
AMIGO,alejandro.nava.tovar,,https://www.facebook.com/alejandro.nava.tovar/,,,,
AMIGO,shadany.guerrero.2025,,https://www.facebook.com/shadany.guerrero.2025/,,,,
AMIGO,teffy.gh.7,,https://www.facebook.com/teffy.gh.7/,,,,
AMIGO,angel.morales.250194,,https://www.facebook.com/angel.morales.250194/,,,,
AMIGO,blanca.nunezcortes,,https://www.facebook.com/blanca.nunezcortes/,,,,
AMIGO,laloFTP,,https://www.facebook.com/laloFTP/,,,,
AMIGO,line.accesories.2025,,https://www.facebook.com/line.accesories.2025/,,,,
AMIGO,alex.alcibar.520,,https://www.facebook.com/alex.alcibar.520/,,,,
AMIGO,karla.mendoza.619637,,https://www.facebook.com/karla.mendoza.619637/,,,,
AMIGO,jazmina1525,,https://www.facebook.com/jazmina1525/,,,,
AMIGO,eddi.romero.79,,https://www.facebook.com/eddi.romero.79/,,,,
AMIGO,david.hr.115097,,https://www.facebook.com/david.hr.115097/,,,,
AMIGO,violetmz,,https://www.facebook.com/violetmz/,,,,
AMIGO,arath.delaogonzalez,,https://www.facebook.com/arath.delaogonzalez/,,,,
AMIGO,santiago.robles.973536,,https://www.facebook.com/santiago.robles.973536/,,,,
AMIGO,daniela.reyes.89850,,https://www.facebook.com/daniela.reyes.89850/,,,,
AMIGO,sofia.gonzalezsanchez.77,,https://www.facebook.com/sofia.gonzalezsanchez.77/,,,,
AMIGO,andrey.ga.12,,https://www.facebook.com/andrey.ga.12/,,,,
AMIGO,aronantonio.cantuenrriques,,https://www.facebook.com/aronantonio.cantuenrriques/,,,,
AMIGO,julian.legaria.2025,,https://www.facebook.com/julian.legaria.2025/,,,,
AMIGO,angelnatanael.navavalencia,,https://www.facebook.com/angelnatanael.navavalencia/,,,,
AMIGO,joge.monroy,,https://www.facebook.com/joge.monroy/,,,,
AMIGO,emiliano.prado.1628,,https://www.facebook.com/emiliano.prado.1628/,,,,
AMIGO,mayte.penaloza.2025,,https://www.facebook.com/mayte.penaloza.2025/,,,,
AMIGO,paola.hrdz.514226,,https://www.facebook.com/paola.hrdz.514226/,,,,
AMIGO,ChrisSummerJ,,https://www.facebook.com/ChrisSummerJ/,,,,
AMIGO,pablo.ruiz.346366,,https://www.facebook.com/pablo.ruiz.346366/,,,,
AMIGO,karen.luna.738686,,https://www.facebook.com/karen.luna.738686/,,,,
AMIGO,diego.doctorcontreras,,https://www.facebook.com/diego.doctorcontreras/,,,,
AMIGO,karin.maldo,,https://www.facebook.com/karin.maldo/,,,,
AMIGO,ramses.vega.613285,,https://www.facebook.com/ramses.vega.613285/,,,,
AMIGO,diego.monroyresendiz.1,,https://www.facebook.com/diego.monroyresendiz.1/,,,,
AMIGO,sg.humbert,,https://www.facebook.com/sg.humbert/,,,,
AMIGO,edwin.ortiz.1671897,,https://www.facebook.com/edwin.ortiz.1671897/,,,,
AMIGO,ari.sotelo.77,,https://www.facebook.com/ari.sotelo.77/,,,,
AMIGO,adistair.santiago.sanchez,,https://www.facebook.com/adistair.santiago.sanchez/,,,,
AMIGO,rogelio.garciaacosta,,https://www.facebook.com/rogelio.garciaacosta/,,,,
AMIGO,ulises.vargasoropeza,,https://www.facebook.com/ulises.vargasoropeza/,,,,
AMIGO,yocelinarlette.obregon,,https://www.facebook.com/yocelinarlette.obregon/,,,,
AMIGO,alexia.aguilarsalceda,,https://www.facebook.com/alexia.aguilarsalceda/,,,,
AMIGO,yair.gmartinez.9,,https://www.facebook.com/yair.gmartinez.9/,,,,
AMIGO,karen.hernandez.228394,,https://www.facebook.com/karen.hernandez.228394/,,,,
AMIGO,Alan.Aldair55,,https://www.facebook.com/Alan.Aldair55/,,,,
AMIGO,carlos.bv.94402,,https://www.facebook.com/carlos.bv.94402/,,,,
AMIGO,tim.rodriguez.376,,https://www.facebook.com/tim.rodriguez.376/,,,,
AMIGO,chris.catano.444763,,https://www.facebook.com/chris.catano.444763/,,,,
AMIGO,jose.reyes.847758,,https://www.facebook.com/jose.reyes.847758/,,,,
AMIGO,hacks201,,https://www.facebook.com/hacks201/,,,,
AMIGO,emanuel.dr.2025,,https://www.facebook.com/emanuel.dr.2025/,,,,
AMIGO,yaz.bless.16,,https://www.facebook.com/yaz.bless.16/,,,,
AMIGO,ximenamontserrat.lopezsoto,,https://www.facebook.com/ximenamontserrat.lopezsoto/,,,,
AMIGO,emiliano.cordoba.969952,,https://www.facebook.com/emiliano.cordoba.969952/,,,,
AMIGO,martinfernando.ramirez.9,,https://www.facebook.com/martinfernando.ramirez.9/,,,,
AMIGO,fany.casas.796,,https://www.facebook.com/fany.casas.796/,,,,
AMIGO,Morozo64,,https://www.facebook.com/Morozo64/,,,,
AMIGO,david.angeles.395017,,https://www.facebook.com/david.angeles.395017/,,,,
AMIGO,trash.lilblessed,,https://www.facebook.com/trash.lilblessed/,,,,
AMIGO,dulcemaria.arenasrios,,https://www.facebook.com/dulcemaria.arenasrios/,,,,
AMIGO,mauricio.espinosa.771,,https://www.facebook.com/mauricio.espinosa.771/,,,,
AMIGO,dayana.rocha.232713,,https://www.facebook.com/dayana.rocha.232713/,,,,
AMIGO,emm.21.ean,,https://www.facebook.com/emm.21.ean/,,,,
AMIGO,alberto.crz.527683,,https://www.facebook.com/alberto.crz.527683/,,,,
AMIGO,geras.mendez.3,,https://www.facebook.com/geras.mendez.3/,,,,
AMIGO,Dark.alfarosalazar,,https://www.facebook.com/Dark.alfarosalazar/,,,,
AMIGO,aldair.manrique.127,,https://www.facebook.com/aldair.manrique.127/,,,,
AMIGO,arath.fuentes.18,,https://www.facebook.com/arath.fuentes.18/,,,,
AMIGO,ximena.paz.5817,,https://www.facebook.com/ximena.paz.5817/,,,,
AMIGO,alexis.estradaperez.52,,https://www.facebook.com/alexis.estradaperez.52/,,,,
AMIGO,nabvzzz,,https://www.facebook.com/nabvzzz/,,,,
AMIGO,axel.beiza,,https://www.facebook.com/axel.beiza/,,,,
AMIGO,cdavcesar,,https://www.facebook.com/cdavcesar/,,,,
AMIGO,chucholalo2000,,https://www.facebook.com/chucholalo2000/,,,,
AMIGO,irvin.gonzalez.3799,,https://www.facebook.com/irvin.gonzalez.3799/,,,,
AMIGO,MERI.XD,,https://www.facebook.com/MERI.XD/,,,,
AMIGO,jafet.rosales.526,,https://www.facebook.com/jafet.rosales.526/,,,,
AMIGO,dana.mendez.628304,,https://www.facebook.com/dana.mendez.628304/,,,,
AMIGO,jenifer.gr.2025,,https://www.facebook.com/jenifer.gr.2025/,,,,
AMIGO,zurisaday.morales.912319,,https://www.facebook.com/zurisaday.morales.912319/,,,,
AMIGO,HecResendiz30,,https://www.facebook.com/HecResendiz30/,,,,
AMIGO,axel.manzanarez.3,,https://www.facebook.com/axel.manzanarez.3/,,,,
AMIGO,alexis.galvez.397611,,https://www.facebook.com/alexis.galvez.397611/,,,,
AMIGO,alex.ramirezgastaldi,,https://www.facebook.com/alex.ramirezgastaldi/,,,,
AMIGO,CharlyGl117,,https://www.facebook.com/CharlyGl117/,,,,
AMIGO,antonio.hernandez.533355,,https://www.facebook.com/antonio.hernandez.533355/,,,,
AMIGO,andrik.yael.lopez.sosa,,https://www.facebook.com/andrik.yael.lopez.sosa/,,,,
AMIGO,MeDicenRobiin,,https://www.facebook.com/MeDicenRobiin/,,,,
AMIGO,BYNAVA343,,https://www.facebook.com/BYNAVA343/,,,,
AMIGO,arturo.chavezmartinez.12,,https://www.facebook.com/arturo.chavezmartinez.12/,,,,
AMIGO,emanuel.ortega.201132,,https://www.facebook.com/emanuel.ortega.201132/,,,,
AMIGO,rolando.rpa,,https://www.facebook.com/rolando.rpa/,,,,
AMIGO,dominic.almanza.2025,,https://www.facebook.com/dominic.almanza.2025/,,,,
AMIGO,fridanatalia.riveragarnica,,https://www.facebook.com/fridanatalia.riveragarnica/,,,,
AMIGO,erika.ramirez.145588,,https://www.facebook.com/erika.ramirez.145588/,,,,
AMIGO,quiique.viines,,https://www.facebook.com/quiique.viines/,,,,
AMIGO,dani.pascual.496599,,https://www.facebook.com/dani.pascual.496599/,,,,
AMIGO,karlpxp,,https://www.facebook.com/karlpxp/,,,,
AMIGO,abner.parker.2025,,https://www.facebook.com/abner.parker.2025/,,,,
AMIGO,metzinaomi.P.ortega,,https://www.facebook.com/metzinaomi.P.ortega/,,,,
AMIGO,nao.7421,,https://www.facebook.com/nao.7421/,,,,
AMIGO,angel.corts.2025,,https://www.facebook.com/angel.corts.2025/,,,,
AMIGO,edugamer.proo,,https://www.facebook.com/edugamer.proo/,,,,
AMIGO,emeersonn,,https://www.facebook.com/emeersonn/,,,,
AMIGO,juan.rolando.359,,https://www.facebook.com/juan.rolando.359/,,,,
AMIGO,malimaeg,,https://www.facebook.com/malimaeg/,,,,
AMIGO,luisenrique.cruzramirez.3,,https://www.facebook.com/luisenrique.cruzramirez.3/,,,,
AMIGO,rafael.tlakatekolotl,,https://www.facebook.com/rafael.tlakatekolotl/,,,,
AMIGO,rafael.lozano.14,,https://www.facebook.com/rafael.lozano.14/,,,,
AMIGO,salma.duranp,,https://www.facebook.com/salma.duranp/,,,,
AMIGO,carlos.alberto.599170,,https://www.facebook.com/carlos.alberto.599170/,,,,
AMIGO,AleexLM1,,https://www.facebook.com/AleexLM1/,,,,
AMIGO,isaac.mercado.837546,,https://www.facebook.com/isaac.mercado.837546/,,,,
AMIGO,mariadelaluz.rodriguezjimenez.98,,https://www.facebook.com/mariadelaluz.rodriguezjimenez.98/,,,,
AMIGO,angelyahir.robledo,,https://www.facebook.com/angelyahir.robledo/,,,,
AMIGO,jose.luis.guerrero.908577,,https://www.facebook.com/jose.luis.guerrero.908577/,,,,
AMIGO,angel.garcia.39841,,https://www.facebook.com/angel.garcia.39841/,,,,
AMIGO,yahr.rodriguez.4182,,https://www.facebook.com/yahr.rodriguez.4182/,,,,
AMIGO,diego.azul.180625,,https://www.facebook.com/diego.azul.180625/,,,,
AMIGO,abraham.mondragon.108,,https://www.facebook.com/abraham.mondragon.108/,,,,
AMIGO,dany.sebas.56,,https://www.facebook.com/dany.sebas.56/,,,,
AMIGO,ximena.ha.2025,,https://www.facebook.com/ximena.ha.2025/,,,,
AMIGO,ibaes99,,https://www.facebook.com/ibaes99/,,,,
AMIGO,hector.bautista.7921975,,https://www.facebook.com/hector.bautista.7921975/,,,,
AMIGO,andrea.michel03,,https://www.facebook.com/andrea.michel03/,,,,
AMIGO,jesssica.as,,https://www.facebook.com/jesssica.as/,,,,
AMIGO,erick.alejandro.303870,,https://www.facebook.com/erick.alejandro.303870/,,,,
AMIGO,brandon.miranda.507794,,https://www.facebook.com/brandon.miranda.507794/,,,,
AMIGO,isaac.espinos,,https://www.facebook.com/isaac.espinos/,,,,
AMIGO,noe.martinez.626668,,https://www.facebook.com/noe.martinez.626668/,,,,
AMIGO,emilio.silva.52831,,https://www.facebook.com/emilio.silva.52831/,,,,
AMIGO,Emmanuel.Guadarrama.13,,https://www.facebook.com/Emmanuel.Guadarrama.13/,,,,
AMIGO,miltonalejandro.hernandezlopez,,https://www.facebook.com/miltonalejandro.hernandezlopez/,,,,
AMIGO,roberto.nepo.56,,https://www.facebook.com/roberto.nepo.56/,,,,
AMIGO,JovasEAC,,https://www.facebook.com/JovasEAC/,,,,
AMIGO,aranzasu.urbano.77,,https://www.facebook.com/aranzasu.urbano.77/,,,,
AMIGO,andres.rojo.sanchez.2025,,https://www.facebook.com/andres.rojo.sanchez.2025/,,,,
AMIGO,marco.genesta.2025,,https://www.facebook.com/marco.genesta.2025/,,,,
AMIGO,alan.flores.5602728,,https://www.facebook.com/alan.flores.5602728/,,,,
AMIGO,alexisgomez34,,https://www.facebook.com/alexisgomez34/,,,,
AMIGO,danielle.guerrero.735,,https://www.facebook.com/danielle.guerrero.735/,,,,
AMIGO,Uriel.Perez.Gan,,https://www.facebook.com/Uriel.Perez.Gan/,,,,
AMIGO,luisdaneri.arana,,https://www.facebook.com/luisdaneri.arana/,,,,
AMIGO,yoshua.hernandez.1426,,https://www.facebook.com/yoshua.hernandez.1426/,,,,
AMIGO,luis.cabrera.843585,,https://www.facebook.com/luis.cabrera.843585/,,,,
AMIGO,regina.anel.16,,https://www.facebook.com/regina.anel.16/,,,,
AMIGO,luis.monroy.7923030,,https://www.facebook.com/luis.monroy.7923030/,,,,
AMIGO,ximena.pacheco.96930013,,https://www.facebook.com/ximena.pacheco.96930013/,,,,
AMIGO,megan.molinero.2025,,https://www.facebook.com/megan.molinero.2025/,,,,
AMIGO,irving.hernandez.1460,,https://www.facebook.com/irving.hernandez.1460/,,,,
AMIGO,nayelivillalpando061197,,https://www.facebook.com/nayelivillalpando061197/,,,,
AMIGO,diego.bernalandrade,,https://www.facebook.com/diego.bernalandrade/,,,,
AMIGO,montse.luna01,,https://www.facebook.com/montse.luna01/,,,,
AMIGO,alexandra.garciabarrera,,https://www.facebook.com/alexandra.garciabarrera/,,,,
AMIGO,juan.qarloss,,https://www.facebook.com/juan.qarloss/,,,,
AMIGO,estefania.gh.832098,,https://www.facebook.com/estefania.gh.832098/,,,,
AMIGO,mariotl.abrahamcp.5,,https://www.facebook.com/mariotl.abrahamcp.5/,,,,
AMIGO,alecis.meza.9,,https://www.facebook.com/alecis.meza.9/,,,,
AMIGO,erick.lara.90038882,,https://www.facebook.com/erick.lara.90038882/,,,,
AMIGO,ian.segura.972025,,https://www.facebook.com/ian.segura.972025/,,,,
AMIGO,fatima.fs.79086,,https://www.facebook.com/fatima.fs.79086/,,,,
AMIGO,VictorColinSxd,,https://www.facebook.com/VictorColinSxd/,,,,
AMIGO,cordobaarantxa,,https://www.facebook.com/cordobaarantxa/,,,,
AMIGO,angel.hr.805634,,https://www.facebook.com/angel.hr.805634/,,,,
AMIGO,david.de.mendoza.763920,,https://www.facebook.com/david.de.mendoza.763920/,,,,
AMIGO,johan.ceron.902500,,https://www.facebook.com/johan.ceron.902500/,,,,
AMIGO,saul.colinruiz,,https://www.facebook.com/saul.colinruiz/,,,,
AMIGO,lzaldivarherrera,,https://www.facebook.com/lzaldivarherrera/,,,,
AMIGO,nadia.castillo.7ga,,https://www.facebook.com/nadia.castillo.7ga/,,,,
AMIGO,fernando.pdp.1,,https://www.facebook.com/fernando.pdp.1/,,,,
AMIGO,UrielFxnty69,,https://www.facebook.com/UrielFxnty69/,,,,
AMIGO,ivan.rodsan.2025,,https://www.facebook.com/ivan.rodsan.2025/,,,,
AMIGO,juan.rodrigo.cano.2025,,https://www.facebook.com/juan.rodrigo.cano.2025/,,,,
AMIGO,faustino.delavega.3,,https://www.facebook.com/faustino.delavega.3/,,,,
AMIGO,emanuel.kiragarcia,,https://www.facebook.com/emanuel.kiragarcia/,,,,
AMIGO,jesus.eduardo.550206,,https://www.facebook.com/jesus.eduardo.550206/,,,,
AMIGO,zaid.rehbein,,https://www.facebook.com/zaid.rehbein/,,,,
AMIGO,jose.eduardo.perez.portilla,,https://www.facebook.com/jose.eduardo.perez.portilla/,,,,
AMIGO,abraham.ordaz.633001,,https://www.facebook.com/abraham.ordaz.633001/,,,,
AMIGO,valeria.rojaszacarias,,https://www.facebook.com/valeria.rojaszacarias/,,,,
AMIGO,ale.59457,,https://www.facebook.com/ale.59457/,,,,
AMIGO,leonel.murrieta.547,,https://www.facebook.com/leonel.murrieta.547/,,,,
AMIGO,crc.michell,,https://www.facebook.com/crc.michell/,,,,
AMIGO,garomon12,,https://www.facebook.com/garomon12/,,,,
AMIGO,tonatiuh.arellanoavila,,https://www.facebook.com/tonatiuh.arellanoavila/,,,,
AMIGO,joancecilia,,https://www.facebook.com/joancecilia/,,,,
AMIGO,bebyx.mons,,https://www.facebook.com/bebyx.mons/,,,,
AMIGO,irving.santospena.71,,https://www.facebook.com/irving.santospena.71/,,,,
AMIGO,DiegoAPC.29,,https://www.facebook.com/DiegoAPC.29/,,,,
AMIGO,cesar.og.169,,https://www.facebook.com/cesar.og.169/,,,,
AMIGO,NAOMI.AAMM,,https://www.facebook.com/NAOMI.AAMM/,,,,
AMIGO,daniel.dp.906,,https://www.facebook.com/daniel.dp.906/,,,,
AMIGO,eduardo.rios.181329,,https://www.facebook.com/eduardo.rios.181329/,,,,
AMIGO,hwang.inyoup.127,,https://www.facebook.com/hwang.inyoup.127/,,,,
AMIGO,apolo.rios.378,,https://www.facebook.com/apolo.rios.378/,,,,
AMIGO,azaelantonio.blancasoriz,,https://www.facebook.com/azaelantonio.blancasoriz/,,,,
AMIGO,johana.romero.520357,,https://www.facebook.com/johana.romero.520357/photos/,,,,
AMIGO,johana.romero.520357,,https://www.facebook.com/johana.romero.520357/photos_by/,,,,
AMIGO,johana.romero.520357,,https://www.facebook.com/johana.romero.520357/photos_albums/,,,,
AMIGO,johana.romero.520357,,https://www.facebook.com/johana.romero.520357/map/,,,,
AMIGO,johana.romero.520357,,https://www.facebook.com/johana.romero.520357/places_recent/,,,,
AMIGO,johana.romero.520357,,https://www.facebook.com/johana.romero.520357/reviews_given/,,,,
SEGUIDOR,l.php,,https://l.facebook.com/l.php/,,,,
SEGUIDOR,johana.romero.520357,,https://www.facebook.com/johana.romero.520357/about/,,,,
SEGUIDOR,Victorelprieto5,,https://www.facebook.com/Victorelprieto5/,,,,
SEGUIDOR,unknown,,https://www.facebook.com/profile.php/,,,,
SEGUIDOR,alexander.morales.366981,,https://www.facebook.com/alexander.morales.366981/,,,,
SEGUIDOR,alejandro.garcia.677261,,https://www.facebook.com/alejandro.garcia.677261/,,,,
SEGUIDOR,jorge.abraham.hdz,,https://www.facebook.com/jorge.abraham.hdz/,,,,
SEGUIDOR,carlos.garcia.543935,,https://www.facebook.com/carlos.garcia.543935/,,,,
SEGUIDOR,aldo.hetfield.399,,https://www.facebook.com/aldo.hetfield.399/,,,,
SEGUIDOR,damon.harlow.829702,,https://www.facebook.com/damon.harlow.829702/,,,,
SEGUIDOR,julio3cgarcia,,https://www.facebook.com/julio3cgarcia/,,,,
SEGUIDOR,PeachyPelon04,,https://www.facebook.com/PeachyPelon04/,,,,
SEGUIDOR,ricardo.r.torres.98,,https://www.facebook.com/ricardo.r.torres.98/,,,,
SEGUIDOR,erickisrael.padillagomez,,https://www.facebook.com/erickisrael.padillagomez/,,,,
SEGUIDOR,yosgart.gonzalez.5076,,https://www.facebook.com/yosgart.gonzalez.5076/,,,,
SEGUIDOR,alberto.moran.105824,,https://www.facebook.com/alberto.moran.105824/,,,,
SEGUIDOR,isaac.mi.39,,https://www.facebook.com/isaac.mi.39/,,,,
SEGUIDOR,alesoria27,,https://www.facebook.com/alesoria27/,,,,
SEGUIDOR,Corel.draw.1426,,https://www.facebook.com/Corel.draw.1426/,,,,
SEGUIDOR,alex.hernandez.928098,,https://www.facebook.com/alex.hernandez.928098/,,,,
SEGUIDOR,JMSKONE.berruecos.315,,https://www.facebook.com/JMSKONE.berruecos.315/,,,,
SEGUIDOR,alan.yahir.1.117,,https://www.facebook.com/alan.yahir.1.117/,,,,
SEGUIDOR,pablo.mt.399,,https://www.facebook.com/pablo.mt.399/,,,,
SEGUIDOR,emir.chavaro,,https://www.facebook.com/emir.chavaro/,,,,
SEGUIDOR,Osva.king,,https://www.facebook.com/Osva.king/,,,,
SEGUIDOR,eduardoalfredo.galvanlugo,,https://www.facebook.com/eduardoalfredo.galvanlugo/,,,,
SEGUIDOR,enrique.soriano.39589,,https://www.facebook.com/enrique.soriano.39589/,,,,
SEGUIDOR,angel.martinez.583143,,https://www.facebook.com/angel.martinez.583143/,,,,
SEGUIDOR,melvin.ochoa.9421,,https://www.facebook.com/melvin.ochoa.9421/,,,,
SEGUIDOR,daniel.jonatan.923,,https://www.facebook.com/daniel.jonatan.923/,,,,
SEGUIDOR,tonatiuh.arellanoavila.1,,https://www.facebook.com/tonatiuh.arellanoavila.1/,,,,
SEGUIDOR,checos.vanz,,https://www.facebook.com/checos.vanz/,,,,
SEGUIDOR,juanedoardo.montoya.7,,https://www.facebook.com/juanedoardo.montoya.7/,,,,
SEGUIDOR,juan.r.cerda.3,,https://www.facebook.com/juan.r.cerda.3/,,,,
SEGUIDOR,luisfelipe.ramirez.3154,,https://www.facebook.com/luisfelipe.ramirez.3154/,,,,
SEGUIDOR,Rohyz.zamora.129,,https://www.facebook.com/Rohyz.zamora.129/,,,,
SEGUIDOR,dey.young.908,,https://www.facebook.com/dey.young.908/,,,,
SEGUIDOR,alberto.beltran.13357,,https://www.facebook.com/alberto.beltran.13357/,,,,
SEGUIDOR,carlos.morales.992239,,https://www.facebook.com/carlos.morales.992239/,,,,
SEGUIDOR,jose.agk,,https://www.facebook.com/jose.agk/,,,,
SEGUIDOR,alexis.espinosa.14811692,,https://www.facebook.com/alexis.espinosa.14811692/,,,,
SEGUIDOR,elias.770117,,https://www.facebook.com/elias.770117/,,,,
SEGUIDOR,Pablo.Baenaa,,https://www.facebook.com/Pablo.Baenaa/,,,,
SEGUIDOR,ernesto.partida.972203,,https://www.facebook.com/ernesto.partida.972203/,,,,
SEGUIDOR,javier.dominguez.858622,,https://www.facebook.com/javier.dominguez.858622/,,,,
SEGUIDOR,jair.garciamateo,,https://www.facebook.com/jair.garciamateo/,,,,
SEGUIDOR,ema.velardeta,,https://www.facebook.com/ema.velardeta/,,,,
SEGUIDOR,rafa.cipres.2025,,https://www.facebook.com/rafa.cipres.2025/,,,,
SEGUIDOR,adair.cav,,https://www.facebook.com/adair.cav/,,,,
SEGUIDOR,erickdaniel.hdzg,,https://www.facebook.com/erickdaniel.hdzg/,,,,
SEGUIDOR,adrian.garcia.360680,,https://www.facebook.com/adrian.garcia.360680/,,,,
SEGUIDOR,mau.mena.273082,,https://www.facebook.com/mau.mena.273082/,,,,
SEGUIDOR,hayden.rodriguez.662910,,https://www.facebook.com/hayden.rodriguez.662910/,,,,
SEGUIDOR,leonardo.fernandez.727644,,https://www.facebook.com/leonardo.fernandez.727644/,,,,
SEGUIDOR,miguelangel.aguilar.71868,,https://www.facebook.com/miguelangel.aguilar.71868/,,,,
SEGUIDOR,alejandro.buendia.210873,,https://www.facebook.com/alejandro.buendia.210873/,,,,
SEGUIDOR,juanjose.canales.58,,https://www.facebook.com/juanjose.canales.58/,,,,
SEGUIDOR,valentin.rodriguez.494557,,https://www.facebook.com/valentin.rodriguez.494557/,,,,
SEGUIDOR,fabian.viramontes.9,,https://www.facebook.com/fabian.viramontes.9/,,,,
SEGUIDOR,nan.belmont.1,,https://www.facebook.com/nan.belmont.1/,,,,
SEGUIDOR,Makar11,,https://www.facebook.com/Makar11/,,,,
SEGUIDOR,arturo.ortegaperez.33,,https://www.facebook.com/arturo.ortegaperez.33/,,,,
SEGUIDOR,Ulaisnewlife,,https://www.facebook.com/Ulaisnewlife/,,,,
SEGUIDOR,kokin.flores.5,,https://www.facebook.com/kokin.flores.5/,,,,
SEGUIDOR,Abimael.Toledo.Wonder,,https://www.facebook.com/Abimael.Toledo.Wonder/,,,,
SEGUIDOR,JorgeV.SahloFolina,,https://www.facebook.com/JorgeV.SahloFolina/,,,,
SEGUIDOR,alan.garduna.37,,https://www.facebook.com/alan.garduna.37/,,,,
SEGUIDOR,victor.valencia.156513,,https://www.facebook.com/victor.valencia.156513/,,,,
SEGUIDOR,dan.romero.546224,,https://www.facebook.com/dan.romero.546224/,,,,
SEGUIDOR,angeldarkalexis,,https://www.facebook.com/angeldarkalexis/,,,,
SEGUIDOR,Amaroxx7726,,https://www.facebook.com/Amaroxx7726/,,,,
SEGUIDOR,Migue.Hernandez.03,,https://www.facebook.com/Migue.Hernandez.03/,,,,
SEGUIDOR,Tadeo.MayaII,,https://www.facebook.com/Tadeo.MayaII/,,,,
SEGUIDOR,RemnantOfAngel444,,https://www.facebook.com/RemnantOfAngel444/,,,,
SEGUIDOR,marcelo.gareca.90,,https://www.facebook.com/marcelo.gareca.90/,,,,
SEGUIDOR,david.rodriguez.1880,,https://www.facebook.com/david.rodriguez.1880/,,,,
SEGUIDOR,lalo.aussenac.gutierrez,,https://www.facebook.com/lalo.aussenac.gutierrez/,,,,
SEGUIDOR,kyoto.diavlo.2025,,https://www.facebook.com/kyoto.diavlo.2025/,,,,
SEGUIDOR,hectordelapena.1902,,https://www.facebook.com/hectordelapena.1902/,,,,
SEGUIDOR,dante.yadhar.2025,,https://www.facebook.com/dante.yadhar.2025/,,,,
SEGUIDOR,brallanemmanuel.guzmanreza,,https://www.facebook.com/brallanemmanuel.guzmanreza/,,,,
SEGUIDOR,marco.guzman.1704,,https://www.facebook.com/marco.guzman.1704/,,,,
SEGUIDOR,yill.ramirez.3,,https://www.facebook.com/yill.ramirez.3/,,,,
SEGUIDOR,daniel.mendez.806650,,https://www.facebook.com/daniel.mendez.806650/,,,,
SEGUIDOR,alejandro.crisantomateo,,https://www.facebook.com/alejandro.crisantomateo/,,,,
SEGUIDOR,valeriops,,https://www.facebook.com/valeriops/,,,,
SEGUIDOR,jgr.salazar,,https://www.facebook.com/jgr.salazar/,,,,
SEGUIDOR,claus.rosete.7,,https://www.facebook.com/claus.rosete.7/,,,,
SEGUIDOR,arturo.cardenas.681962,,https://www.facebook.com/arturo.cardenas.681962/,,,,
SEGUIDOR,bruno.rodriguez.430026,,https://www.facebook.com/bruno.rodriguez.430026/,,,,
SEGUIDOR,e.j.espindola.2025,,https://www.facebook.com/e.j.espindola.2025/,,,,
SEGUIDOR,alejorojasvictor,,https://www.facebook.com/alejorojasvictor/,,,,
SEGUIDOR,brandon.macias.98478672,,https://www.facebook.com/brandon.macias.98478672/,,,,
SEGUIDOR,amado.garcia.773288,,https://www.facebook.com/amado.garcia.773288/,,,,
SEGUIDOR,antonio.poncevasquez,,https://www.facebook.com/antonio.poncevasquez/,,,,
SEGUIDOR,jose.resendiz.1612147,,https://www.facebook.com/jose.resendiz.1612147/,,,,
SEGUIDOR,arturo.velazquez.724771,,https://www.facebook.com/arturo.velazquez.724771/,,,,
SEGUIDOR,kevin.martinez.430294,,https://www.facebook.com/kevin.martinez.430294/,,,,
SEGUIDOR,luis.ro.446315,,https://www.facebook.com/luis.ro.446315/,,,,
SEGUIDOR,dereck.rojas.t,,https://www.facebook.com/dereck.rojas.t/,,,,
SEGUIDOR,criiss.lopez.9847,,https://www.facebook.com/criiss.lopez.9847/,,,,
SEGUIDOR,eduardo.saldivar.98837,,https://www.facebook.com/eduardo.saldivar.98837/,,,,
SEGUIDOR,david.pacheco.927,,https://www.facebook.com/david.pacheco.927/,,,,
SEGUIDOR,Daniel.Guzman.160,,https://www.facebook.com/Daniel.Guzman.160/,,,,
SEGUIDOR,uriel.romero.735429,,https://www.facebook.com/uriel.romero.735429/,,,,
SEGUIDOR,naresh.hernandezpichardo,,https://www.facebook.com/naresh.hernandezpichardo/,,,,
SEGUIDOR,cesar.cardenas.502106,,https://www.facebook.com/cesar.cardenas.502106/,,,,
SEGUIDOR,alex.leal.490328,,https://www.facebook.com/alex.leal.490328/,,,,
SEGUIDOR,omar.diaz.413370,,https://www.facebook.com/omar.diaz.413370/,,,,
SEGUIDOR,anderson.jefrey.2025,,https://www.facebook.com/anderson.jefrey.2025/,,,,
SEGUIDOR,uriel.rodriguez.7547031,,https://www.facebook.com/uriel.rodriguez.7547031/,,,,
SEGUIDOR,leonel.hernandezgarduno.1,,https://www.facebook.com/leonel.hernandezgarduno.1/,,,,
SEGUIDOR,walker130118,,https://www.facebook.com/walker130118/,,,,
SEGUIDOR,missael.mendez.668673,,https://www.facebook.com/missael.mendez.668673/,,,,
SEGUIDOR,carlos.gonzalezjacinto,,https://www.facebook.com/carlos.gonzalezjacinto/,,,,
SEGUIDOR,arkangel139,,https://www.facebook.com/arkangel139/,,,,
SEGUIDOR,ponte.linda.367842,,https://www.facebook.com/ponte.linda.367842/,,,,
SEGUIDOR,brianvej,,https://www.facebook.com/brianvej/,,,,
SEGUIDOR,chevytozz,,https://www.facebook.com/chevytozz/,,,,
SEGUIDOR,JMmonroy.33,,https://www.facebook.com/JMmonroy.33/,,,,
SEGUIDOR,arturo.beltran.765470,,https://www.facebook.com/arturo.beltran.765470/,,,,
SEGUIDOR,monico.den.9,,https://www.facebook.com/monico.den.9/,,,,
SEGUIDOR,uriel.sanchez.940995,,https://www.facebook.com/uriel.sanchez.940995/,,,,
SEGUIDOR,roberto.mendesgears2,,https://www.facebook.com/roberto.mendesgears2/,,,,
SEGUIDOR,alberto.martinez.138161,,https://www.facebook.com/alberto.martinez.138161/,,,,
SEGUIDOR,kevin.ponce.71868,,https://www.facebook.com/kevin.ponce.71868/,,,,
SEGUIDOR,moshpit.rod,,https://www.facebook.com/moshpit.rod/,,,,
SEGUIDOR,joseluis.velazquezramirez.90,,https://www.facebook.com/joseluis.velazquezramirez.90/,,,,
SEGUIDOR,carlos.sandoval.338931,,https://www.facebook.com/carlos.sandoval.338931/,,,,
SEGUIDOR,SammyByMoonlight,,https://www.facebook.com/SammyByMoonlight/,,,,
SEGUIDOR,aaron.espinosa.280713,,https://www.facebook.com/aaron.espinosa.280713/,,,,
SEGUIDOR,alexisarturo.sanchezgarcia,,https://www.facebook.com/alexisarturo.sanchezgarcia/,,,,
SEGUIDOR,emiliano.galicia.73,,https://www.facebook.com/emiliano.galicia.73/,,,,
SEGUIDOR,uriel.beltran.perez.2025,,https://www.facebook.com/uriel.beltran.perez.2025/,,,,
SEGUIDOR,valentino.aguilar.764061,,https://www.facebook.com/valentino.aguilar.764061/,,,,
SEGUIDOR,diego.housemandavis,,https://www.facebook.com/diego.housemandavis/,,,,
SEGUIDOR,ls.tono.973299,,https://www.facebook.com/ls.tono.973299/,,,,
SEGUIDOR,ivanmrdguez100,,https://www.facebook.com/ivanmrdguez100/,,,,
SEGUIDOR,ulises.mxl,,https://www.facebook.com/ulises.mxl/,,,,
SEGUIDOR,gnomo.baron.rojo,,https://www.facebook.com/gnomo.baron.rojo/,,,,
SEGUIDOR,andres.velasco.victoria.2025,,https://www.facebook.com/andres.velasco.victoria.2025/,,,,
SEGUIDOR,gabino.otero.98,,https://www.facebook.com/gabino.otero.98/,,,,
SEGUIDOR,leonelherreraTVF,,https://www.facebook.com/leonelherreraTVF/,,,,
SEGUIDOR,luz.america.ramirez.rodriguez,,https://www.facebook.com/luz.america.ramirez.rodriguez/,,,,
SEGUIDOR,karla.mn.347678,,https://www.facebook.com/karla.mn.347678/,,,,
SEGUIDOR,exeemoxxitomaxemozzo,,https://www.facebook.com/exeemoxxitomaxemozzo/,,,,
SEGUIDOR,misael.alonsosantiago,,https://www.facebook.com/misael.alonsosantiago/,,,,
SEGUIDOR,norma.patricia.garcia.976025,,https://www.facebook.com/norma.patricia.garcia.976025/,,,,
SEGUIDOR,diego.cruz.221485,,https://www.facebook.com/diego.cruz.221485/,,,,
SEGUIDOR,bruno.israel.611042,,https://www.facebook.com/bruno.israel.611042/,,,,
SEGUIDOR,jose.liebre.95864,,https://www.facebook.com/jose.liebre.95864/,,,,
SEGUIDOR,karensarai.herreragarcia,,https://www.facebook.com/karensarai.herreragarcia/,,,,
SEGUIDOR,marco.gutierrez.255625,,https://www.facebook.com/marco.gutierrez.255625/,,,,
SEGUIDOR,natalia.valencia.221624,,https://www.facebook.com/natalia.valencia.221624/,,,,
SEGUIDOR,julio.realpeestupinan,,https://www.facebook.com/julio.realpeestupinan/,,,,
SEGUIDOR,dante.ramirez.900,,https://www.facebook.com/dante.ramirez.900/,,,,
SEGUIDOR,joseluis.espinosalucio.7,,https://www.facebook.com/joseluis.espinosalucio.7/,,,,
SEGUIDOR,carmela.rodz.2025,,https://www.facebook.com/carmela.rodz.2025/,,,,
SEGUIDOR,hernandez.miarads,,https://www.facebook.com/hernandez.miarads/,,,,
SEGUIDOR,luis.cruz.319523,,https://www.facebook.com/luis.cruz.319523/,,,,
SEGUIDOR,edward.romero.5817300,,https://www.facebook.com/edward.romero.5817300/,,,,
SEGUIDOR,churrumino.cr,,https://www.facebook.com/churrumino.cr/,,,,
SEGUIDOR,luis.sick.103879,,https://www.facebook.com/luis.sick.103879/,,,,
SEGUIDOR,jorge.aranda.7967,,https://www.facebook.com/jorge.aranda.7967/,,,,
SEGUIDOR,brandon.meza.medina231822,,https://www.facebook.com/brandon.meza.medina231822/,,,,
SEGUIDOR,gus.hernandez.5070,,https://www.facebook.com/gus.hernandez.5070/,,,,
SEGUIDOR,yael.munozquintero,,https://www.facebook.com/yael.munozquintero/,,,,
SEGUIDOR,ivan.ramosperedo,,https://www.facebook.com/ivan.ramosperedo/,,,,
SEGUIDOR,dany.volk.2025,,https://www.facebook.com/dany.volk.2025/,,,,
SEGUIDOR,marion.rebeca.805234,,https://www.facebook.com/marion.rebeca.805234/,,,,
SEGUIDOR,diego.cano.800985,,https://www.facebook.com/diego.cano.800985/,,,,
SEGUIDOR,shadymonserrat,,https://www.facebook.com/shadymonserrat/,,,,
SEGUIDOR,alvaro.rosa.1422,,https://www.facebook.com/alvaro.rosa.1422/,,,,
SEGUIDOR,joseangel.navarro.35574,,https://www.facebook.com/joseangel.navarro.35574/,,,,
SEGUIDOR,carpi.marques,,https://www.facebook.com/carpi.marques/,,,,
SEGUIDOR,axel.sanchezperez.1,,https://www.facebook.com/axel.sanchezperez.1/,,,,
SEGUIDOR,apolinar.vazquezherrera,,https://www.facebook.com/apolinar.vazquezherrera/,,,,
SEGUIDOR,gabo.medgar,,https://www.facebook.com/gabo.medgar/,,,,
SEGUIDOR,arcangel.juarez,,https://www.facebook.com/arcangel.juarez/,,,,
SEGUIDOR,dany.sanchezmontalvo,,https://www.facebook.com/dany.sanchezmontalvo/,,,,
SEGUIDOR,rodrigovazqqezz,,https://www.facebook.com/rodrigovazqqezz/,,,,
SEGUIDOR,christian.funez.319,,https://www.facebook.com/christian.funez.319/,,,,
SEGUIDOR,elpepe.sech.71697,,https://www.facebook.com/elpepe.sech.71697/,,,,
SEGUIDOR,zeth.mendoza.90,,https://www.facebook.com/zeth.mendoza.90/,,,,
SEGUIDOR,runy.mrccrew,,https://www.facebook.com/runy.mrccrew/,,,,
SEGUIDOR,gerardo.pineda.31105674,,https://www.facebook.com/gerardo.pineda.31105674/,,,,
SEGUIDOR,carlitos.roldan.102,,https://www.facebook.com/carlitos.roldan.102/,,,,
SEGUIDOR,luisrenato.perezmanzano,,https://www.facebook.com/luisrenato.perezmanzano/,,,,
SEGUIDOR,nacho.soto.524,,https://www.facebook.com/nacho.soto.524/,,,,
SEGUIDOR,eduardo.trejo.500819,,https://www.facebook.com/eduardo.trejo.500819/,,,,
SEGUIDOR,fernel.bayona.9,,https://www.facebook.com/fernel.bayona.9/,,,,
SEGUIDOR,leo.sumo.129,,https://www.facebook.com/leo.sumo.129/,,,,
SEGUIDOR,fausto.gutierrez.16752754,,https://www.facebook.com/fausto.gutierrez.16752754/,,,,
SEGUIDOR,javier.durancontreras.1,,https://www.facebook.com/javier.durancontreras.1/,,,,
SEGUIDOR,eltexanojhonny.hurtadocuero,,https://www.facebook.com/eltexanojhonny.hurtadocuero/,,,,
SEGUIDOR,cesardavid.reyesortega,,https://www.facebook.com/cesardavid.reyesortega/,,,,
SEGUIDOR,jorgeD.96558,,https://www.facebook.com/jorgeD.96558/,,,,
SEGUIDOR,carlosalberto.nievesvela.5,,https://www.facebook.com/carlosalberto.nievesvela.5/,,,,
SEGUIDOR,wilson.wilacosta,,https://www.facebook.com/wilson.wilacosta/,,,,
SEGUIDOR,yigezu.wakene,,https://www.facebook.com/yigezu.wakene/,,,,
SEGUIDOR,zetiina.jaiir,,https://www.facebook.com/zetiina.jaiir/,,,,
SEGUIDOR,christine.bello.7967747,,https://www.facebook.com/christine.bello.7967747/,,,,
SEGUIDOR,inachete.santivall,,https://www.facebook.com/inachete.santivall/,,,,
SEGUIDOR,yennifer.pricelly,,https://www.facebook.com/yennifer.pricelly/,,,,
SEGUIDOR,juanantonio.herreralopez.96,,https://www.facebook.com/juanantonio.herreralopez.96/,,,,
SEGUIDOR,gustavo.carmonasanchez,,https://www.facebook.com/gustavo.carmonasanchez/,,,,
SEGUIDOR,Josecarlos62,,https://www.facebook.com/Josecarlos62/,,,,
SEGUIDOR,ricardo.d.solano.9,,https://www.facebook.com/ricardo.d.solano.9/,,,,
SEGUIDOR,wilberdaniel.hernandez.5,,https://www.facebook.com/wilberdaniel.hernandez.5/,,,,
SEGUIDOR,oscarsito.vidal.31,,https://www.facebook.com/oscarsito.vidal.31/,,,,
SEGUIDOR,derlislopes.dominguesramon,,https://www.facebook.com/derlislopes.dominguesramon/,,,,
SEGUIDOR,carlosalberto.borrego.7,,https://www.facebook.com/carlosalberto.borrego.7/,,,,
SEGUIDOR,elmerariel.urrozchavez.7,,https://www.facebook.com/elmerariel.urrozchavez.7/,,,,
SEGUIDOR,brayanestiven.psk,,https://www.facebook.com/brayanestiven.psk/,,,,
SEGUIDOR,sherezada.gonzalez.509,,https://www.facebook.com/sherezada.gonzalez.509/,,,,
SEGUIDOR,alex.lea.739326,,https://www.facebook.com/alex.lea.739326/,,,,
SEGUIDOR,gabriel.guerrero.9085790,,https://www.facebook.com/gabriel.guerrero.9085790/,,,,
SEGUIDOR,elson.tingue.71,,https://www.facebook.com/elson.tingue.71/,,,,
SEGUIDOR,ramiro.pinedaortega,,https://www.facebook.com/ramiro.pinedaortega/,,,,
SEGUIDOR,angel.dynner,,https://www.facebook.com/angel.dynner/,,,,
SEGUIDOR,chuy.jimenezambriz.3,,https://www.facebook.com/chuy.jimenezambriz.3/,,,,
SEGUIDOR,jesus.morgan.146612,,https://www.facebook.com/jesus.morgan.146612/,,,,
SEGUIDOR,adolfo.gallegos.7927,,https://www.facebook.com/adolfo.gallegos.7927/,,,,
SEGUIDOR,martin.ra.507,,https://www.facebook.com/martin.ra.507/,,,,
SEGUIDOR,raymundo.estrada.376,,https://www.facebook.com/raymundo.estrada.376/,,,,
SEGUIDOR,evany.chavaro.3,,https://www.facebook.com/evany.chavaro.3/,,,,
SEGUIDOR,fernando.bm.501,,https://www.facebook.com/fernando.bm.501/,,,,
SEGUIDOR,adolfo.gonzalez.891752,,https://www.facebook.com/adolfo.gonzalez.891752/,,,,
SEGUIDOR,jesus.garcia.901279,,https://www.facebook.com/jesus.garcia.901279/,,,,
SEGUIDOR,hd.delavillar,,https://www.facebook.com/hd.delavillar/,,,,
SEGUIDOR,tomy.ortiz.758,,https://www.facebook.com/tomy.ortiz.758/,,,,
SEGUIDOR,tatun.cartuchon,,https://www.facebook.com/tatun.cartuchon/,,,,
SEGUIDOR,eder.reyez.3,,https://www.facebook.com/eder.reyez.3/,,,,
SEGUIDOR,isael.estebqn,,https://www.facebook.com/isael.estebqn/,,,,
SEGUIDOR,rey.galicia.3110,,https://www.facebook.com/rey.galicia.3110/,,,,
SEGUIDOR,suajeremy.cerasayala,,https://www.facebook.com/suajeremy.cerasayala/,,,,
SEGUIDOR,cristofer.martez.79,,https://www.facebook.com/cristofer.martez.79/,,,,
SEGUIDOR,aldo.campero.3,,https://www.facebook.com/aldo.campero.3/,,,,
SEGUIDOR,gerardo.pineda.9849912,,https://www.facebook.com/gerardo.pineda.9849912/,,,,
SEGUIDOR,jim.ayala.735,,https://www.facebook.com/jim.ayala.735/,,,,
SEGUIDOR,cristian.martinezbuendia,,https://www.facebook.com/cristian.martinezbuendia/,,,,
SEGUIDOR,edu.espinozamendieta,,https://www.facebook.com/edu.espinozamendieta/,,,,
SEGUIDOR,mauro.zacarias.37454,,https://www.facebook.com/mauro.zacarias.37454/,,,,
SEGUIDOR,julio.jimenez.313479,,https://www.facebook.com/julio.jimenez.313479/,,,,
SEGUIDOR,jorge.jeronimoalaguna,,https://www.facebook.com/jorge.jeronimoalaguna/,,,,
SEGUIDOR,reysito.pacheco,,https://www.facebook.com/reysito.pacheco/,,,,
SEGUIDOR,felipezaid.godinez,,https://www.facebook.com/felipezaid.godinez/,,,,
SEGUIDOR,kevinarmando.marinrodriguez.7,,https://www.facebook.com/kevinarmando.marinrodriguez.7/,,,,
SEGUIDOR,gibran.olalde.3,,https://www.facebook.com/gibran.olalde.3/,,,,
SEGUIDOR,cristian.kouz.sf.romer,,https://www.facebook.com/cristian.kouz.sf.romer/,,,,
SEGUIDOR,Casianin.20,,https://www.facebook.com/Casianin.20/,,,,
SEGUIDOR,gavilan.aguilar.336681,,https://www.facebook.com/gavilan.aguilar.336681/,,,,
SEGUIDOR,delabuelo.alacocina,,https://www.facebook.com/delabuelo.alacocina/,,,,
SEGUIDOR,renato.estradaramos.7,,https://www.facebook.com/renato.estradaramos.7/,,,,
SEGUIDOR,brayan.rojas.462395,,https://www.facebook.com/brayan.rojas.462395/,,,,
SEGUIDOR,josue.blancas.393,,https://www.facebook.com/josue.blancas.393/,,,,
SEGUIDOR,alberto.martinez.1998,,https://www.facebook.com/alberto.martinez.1998/,,,,
SEGUIDOR,alejandro.dominguez.5205,,https://www.facebook.com/alejandro.dominguez.5205/,,,,
SEGUIDOR,isaac.martinez.922009,,https://www.facebook.com/isaac.martinez.922009/,,,,
SEGUIDOR,angel.cg.50767,,https://www.facebook.com/angel.cg.50767/,,,,
SEGUIDOR,luisrivas.rivas.92,,https://www.facebook.com/luisrivas.rivas.92/,,,,
SEGUIDOR,carlos.mogollan.108,,https://www.facebook.com/carlos.mogollan.108/,,,,
SEGUIDOR,marco.montoya.526875,,https://www.facebook.com/marco.montoya.526875/,,,,
SEGUIDOR,luisa.blancas.127,,https://www.facebook.com/luisa.blancas.127/,,,,
SEGUIDOR,eduardo.ep.900,,https://www.facebook.com/eduardo.ep.900/,,,,
SEGUIDOR,geovani.gonzalez.391420,,https://www.facebook.com/geovani.gonzalez.391420/,,,,
SEGUIDOR,fabian.diazroa,,https://www.facebook.com/fabian.diazroa/,,,,
SEGUIDOR,andres.constantino.94,,https://www.facebook.com/andres.constantino.94/,,,,
SEGUIDOR,ricardo.sanchez.319006,,https://www.facebook.com/ricardo.sanchez.319006/,,,,
SEGUIDOR,emperador.enprrador,,https://www.facebook.com/emperador.enprrador/,,,,
SEGUIDOR,neftali.lira.13,,https://www.facebook.com/neftali.lira.13/,,,,
SEGUIDOR,juanpablo.santamaria.716,,https://www.facebook.com/juanpablo.santamaria.716/,,,,
SEGUIDOR,angel.albino.9404,,https://www.facebook.com/angel.albino.9404/,,,,
SEGUIDOR,gerardo.f.milan.3,,https://www.facebook.com/gerardo.f.milan.3/,,,,
SEGUIDOR,osvaldo.villeda.33,,https://www.facebook.com/osvaldo.villeda.33/,,,,
SEGUIDOR,nicolas.jaimes.14,,https://www.facebook.com/nicolas.jaimes.14/,,,,
SEGUIDOR,david.andrade.773684,,https://www.facebook.com/david.andrade.773684/,,,,
SEGUIDOR,angelrobeto.sanchezdelavega,,https://www.facebook.com/angelrobeto.sanchezdelavega/,,,,
SEGUIDOR,marc.mor.319160,,https://www.facebook.com/marc.mor.319160/,,,,
SEGUIDOR,ney.ramirez.3979,,https://www.facebook.com/ney.ramirez.3979/,,,,
SEGUIDOR,chupi.chipi.90,,https://www.facebook.com/chupi.chipi.90/,,,,
SEGUIDOR,remigioraul.acosta,,https://www.facebook.com/remigioraul.acosta/,,,,
SEGUIDOR,joseluis.romeroserrano.39,,https://www.facebook.com/joseluis.romeroserrano.39/,,,,
SEGUIDOR,roberto.valdeztorres.3,,https://www.facebook.com/roberto.valdeztorres.3/,,,,
SEGUIDOR,jafet.sanchezcarbajal.3,,https://www.facebook.com/jafet.sanchezcarbajal.3/,,,,
SEGUIDOR,San.DeFer77,,https://www.facebook.com/San.DeFer77/,,,,
SEGUIDOR,angelicapaez.sanchez,,https://www.facebook.com/angelicapaez.sanchez/,,,,
SEGUIDOR,marcoantonio.zaratesanchez,,https://www.facebook.com/marcoantonio.zaratesanchez/,,,,
SEGUIDOR,benancio.benitez.587,,https://www.facebook.com/benancio.benitez.587/,,,,
SEGUIDOR,oscar.vr.12177,,https://www.facebook.com/oscar.vr.12177/,,,,
SEGUIDOR,dixter.yongco,,https://www.facebook.com/dixter.yongco/,,,,
SEGUIDOR,valencia.ar.833948,,https://www.facebook.com/valencia.ar.833948/,,,,
SEGUIDOR,urieldavid.gamboacarvajal,,https://www.facebook.com/urieldavid.gamboacarvajal/,,,,
SEGUIDOR,sezalit.vazquesbenites,,https://www.facebook.com/sezalit.vazquesbenites/,,,,
SEGUIDOR,ricardo.morancorsega,,https://www.facebook.com/ricardo.morancorsega/,,,,
SEGUIDOR,jhojan.vasquezpino,,https://www.facebook.com/jhojan.vasquezpino/,,,,
SEGUIDOR,dorian.ramos.1213,,https://www.facebook.com/dorian.ramos.1213/,,,,
SEGUIDOR,samuel.palma.7509,,https://www.facebook.com/samuel.palma.7509/,,,,
SEGUIDOR,cesar.santos.5496683,,https://www.facebook.com/cesar.santos.5496683/,,,,
SEGUIDOR,jeancarlos.fontavela,,https://www.facebook.com/jeancarlos.fontavela/,,,,
SEGUIDOR,yeferson.garcia.7739814,,https://www.facebook.com/yeferson.garcia.7739814/,,,,
SEGUIDOR,bkrisevac,,https://www.facebook.com/bkrisevac/,,,,
SEGUIDOR,juan.bra.311,,https://www.facebook.com/juan.bra.311/,,,,
SEGUIDOR,fer.bouchez.75,,https://www.facebook.com/fer.bouchez.75/,,,,
SEGUIDOR,mi.persona.7798,,https://www.facebook.com/mi.persona.7798/,,,,
SEGUIDOR,emanuel.ortegasoriano,,https://www.facebook.com/emanuel.ortegasoriano/,,,,
SEGUIDOR,alanulises.romero.3,,https://www.facebook.com/alanulises.romero.3/,,,,
SEGUIDOR,pablo.hernandez.pehg,,https://www.facebook.com/pablo.hernandez.pehg/,,,,
SEGUIDOR,francisco.garciavazquez.545,,https://www.facebook.com/francisco.garciavazquez.545/,,,,
SEGUIDOR,gilbertoefren.rodriguezdelgadillo,,https://www.facebook.com/gilbertoefren.rodriguezdelgadillo/,,,,
SEGUIDOR,alfonso.trejogarcia.77,,https://www.facebook.com/alfonso.trejogarcia.77/,,,,
SEGUIDOR,fer.venegas.507,,https://www.facebook.com/fer.venegas.507/,,,,
SEGUIDOR,cristianaxel.cedillopalestina,,https://www.facebook.com/cristianaxel.cedillopalestina/,,,,
SEGUIDOR,aredann.nereoortega,,https://www.facebook.com/aredann.nereoortega/,,,,
SEGUIDOR,josue.valderrama.589,,https://www.facebook.com/josue.valderrama.589/,,,,
SEGUIDOR,acolman.acolman.94,,https://www.facebook.com/acolman.acolman.94/,,,,
SEGUIDOR,ramirez.christian.167,,https://www.facebook.com/ramirez.christian.167/,,,,
SEGUIDOR,yael.contreras.1004,,https://www.facebook.com/yael.contreras.1004/,,,,
SEGUIDOR,sabina.carrillo.5070,,https://www.facebook.com/sabina.carrillo.5070/,,,,
SEGUIDOR,abraham.munoz.1029770,,https://www.facebook.com/abraham.munoz.1029770/,,,,
SEGUIDOR,anjel.cruz.7311,,https://www.facebook.com/anjel.cruz.7311/,,,,
SEGUIDOR,nelsonjeovanny.ayala.52,,https://www.facebook.com/nelsonjeovanny.ayala.52/,,,,
SEGUIDOR,restauran.shaddai,,https://www.facebook.com/restauran.shaddai/,,,,
SEGUIDOR,yaelmendoza.sanchez.1,,https://www.facebook.com/yaelmendoza.sanchez.1/,,,,
SEGUIDOR,victor.pc.646980,,https://www.facebook.com/victor.pc.646980/,,,,
SEGUIDOR,donovan.ramos.5209,,https://www.facebook.com/donovan.ramos.5209/,,,,
SEGUIDOR,diegojesus.cruzsanchez,,https://www.facebook.com/diegojesus.cruzsanchez/,,,,
SEGUIDOR,carlos.gutierrez.756675,,https://www.facebook.com/carlos.gutierrez.756675/,,,,
SEGUIDOR,enrike.delacruz.16,,https://www.facebook.com/enrike.delacruz.16/,,,,
SEGUIDOR,emanuel.porrasvalencia.3,,https://www.facebook.com/emanuel.porrasvalencia.3/,,,,
SEGUIDOR,gael.rodriguez.9828456,,https://www.facebook.com/gael.rodriguez.9828456/,,,,
SEGUIDOR,luis.miranda.7509836,,https://www.facebook.com/luis.miranda.7509836/,,,,
SEGUIDOR,alejandro.rs.949056,,https://www.facebook.com/alejandro.rs.949056/,,,,
SEGUIDOR,luisadolfo.chavesmejia,,https://www.facebook.com/luisadolfo.chavesmejia/,,,,
SEGUIDOR,jonathan.casarreallopez,,https://www.facebook.com/jonathan.casarreallopez/,,,,
SEGUIDOR,xavi.cruz.777158,,https://www.facebook.com/xavi.cruz.777158/,,,,
SEGUIDOR,valiadito.garcia,,https://www.facebook.com/valiadito.garcia/,,,,
SEGUIDOR,miguelangel.olveragarces,,https://www.facebook.com/miguelangel.olveragarces/,,,,
SEGUIDOR,ahahh.ahahh.71,,https://www.facebook.com/ahahh.ahahh.71/,,,,
SEGUIDOR,joseavp.4451337904826153828193,,https://www.facebook.com/joseavp.4451337904826153828193/,,,,
SEGUIDOR,carlos.salinasgalindo.73,,https://www.facebook.com/carlos.salinasgalindo.73/,,,,
SEGUIDOR,emanuelangel.castillo.3,,https://www.facebook.com/emanuelangel.castillo.3/,,,,
SEGUIDOR,yael.contreras.7359,,https://www.facebook.com/yael.contreras.7359/,,,,
SEGUIDOR,reginx.a.gonzalez,,https://www.facebook.com/reginx.a.gonzalez/,,,,
SEGUIDOR,axl.s.tenorio,,https://www.facebook.com/axl.s.tenorio/,,,,
SEGUIDOR,mari.gutierrezcubeiro,,https://www.facebook.com/mari.gutierrezcubeiro/,,,,
SEGUIDOR,alejandro.ballesteros.9216778,,https://www.facebook.com/alejandro.ballesteros.9216778/,,,,
SEGUIDOR,jorge.martinezresendiz.3,,https://www.facebook.com/jorge.martinezresendiz.3/,,,,
SEGUIDOR,alex.paul.848850,,https://www.facebook.com/alex.paul.848850/,,,,
SEGUIDOR,angel.balcazar.148,,https://www.facebook.com/angel.balcazar.148/,,,,
SEGUIDOR,migue.uribe.5876,,https://www.facebook.com/migue.uribe.5876/,,,,
SEGUIDOR,deniss.ved,,https://www.facebook.com/deniss.ved/,,,,
SEGUIDOR,alejandro.clavijo.9862273,,https://www.facebook.com/alejandro.clavijo.9862273/,,,,
SEGUIDOR,luiskayalaa,,https://www.facebook.com/luiskayalaa/,,,,
SEGUIDOR,hector.gregorio.50,,https://www.facebook.com/hector.gregorio.50/,,,,
SEGUIDOR,eric.almeralla.35,,https://www.facebook.com/eric.almeralla.35/,,,,
SEGUIDOR,angel.ruiz.754870,,https://www.facebook.com/angel.ruiz.754870/,,,,
SEGUIDOR,ordonezgilbertomartinez,,https://www.facebook.com/ordonezgilbertomartinez/,,,,
SEGUIDOR,martinez.luna.9803,,https://www.facebook.com/martinez.luna.9803/,,,,
SEGUIDOR,leo.paoli.52,,https://www.facebook.com/leo.paoli.52/,,,,
SEGUIDOR,JonathanAmador2000,,https://www.facebook.com/JonathanAmador2000/,,,,
SEGUIDOR,brian.maciel.5494,,https://www.facebook.com/brian.maciel.5494/,,,,
SEGUIDOR,fer.vy.39,,https://www.facebook.com/fer.vy.39/,,,,
SEGUIDOR,charly.brown213849,,https://www.facebook.com/charly.brown213849/,,,,
SEGUIDOR,alfredo.frutero,,https://www.facebook.com/alfredo.frutero/,,,,
SEGUIDOR,clau.mvz.14,,https://www.facebook.com/clau.mvz.14/,,,,
SEGUIDOR,angel.velasco.56829446,,https://www.facebook.com/angel.velasco.56829446/,,,,
SEGUIDOR,carlos.daniel.jg.2025,,https://www.facebook.com/carlos.daniel.jg.2025/,,,,
SEGUIDOR,lusifelipe.ramirez,,https://www.facebook.com/lusifelipe.ramirez/,,,,
SEGUIDOR,luis.chavarria.123629,,https://www.facebook.com/luis.chavarria.123629/,,,,
SEGUIDOR,arturo.jimenezavila.3,,https://www.facebook.com/arturo.jimenezavila.3/,,,,
SEGUIDOR,alfoso.estrada.71,,https://www.facebook.com/alfoso.estrada.71/,,,,
SEGUIDOR,ezzejair.resendiz,,https://www.facebook.com/ezzejair.resendiz/,,,,
SEGUIDOR,edi.uribe.31,,https://www.facebook.com/edi.uribe.31/,,,,
SEGUIDOR,yuzuf.juarez,,https://www.facebook.com/yuzuf.juarez/,,,,
SEGUIDOR,marco.romero.5895834,,https://www.facebook.com/marco.romero.5895834/,,,,
SEGUIDOR,villegasarturo.castillohbrzgn,,https://www.facebook.com/villegasarturo.castillohbrzgn/,,,,
SEGUIDOR,arath.torres.92,,https://www.facebook.com/arath.torres.92/,,,,
SEGUIDOR,pedro.andraderodriguez.31,,https://www.facebook.com/pedro.andraderodriguez.31/,,,,
SEGUIDOR,joshua.rosales.54966,,https://www.facebook.com/joshua.rosales.54966/,,,,
SEGUIDOR,jesusgabriel.palmalara,,https://www.facebook.com/jesusgabriel.palmalara/,,,,
SEGUIDOR,alex.escobar.246789,,https://www.facebook.com/alex.escobar.246789/,,,,
SEGUIDOR,oscarsm.1420,,https://www.facebook.com/oscarsm.1420/,,,,
SEGUIDOR,kenia.arista.397,,https://www.facebook.com/kenia.arista.397/,,,,
SEGUIDOR,valentin.allendeguzman,,https://www.facebook.com/valentin.allendeguzman/,,,,
SEGUIDOR,cesar.a.lopez.245270,,https://www.facebook.com/cesar.a.lopez.245270/,,,,
SEGUIDOR,azael.paredes.10,,https://www.facebook.com/azael.paredes.10/,,,,
SEGUIDOR,carlosdaniel.juarezgalan,,https://www.facebook.com/carlosdaniel.juarezgalan/,,,,
SEGUIDOR,saiker.rastafari,,https://www.facebook.com/saiker.rastafari/,,,,
SEGUIDOR,juandany.veltran,,https://www.facebook.com/juandany.veltran/,,,,
SEGUIDOR,ernesto.alarcon.313924,,https://www.facebook.com/ernesto.alarcon.313924/,,,,
SEGUIDOR,miguelangel.almarazzamudio,,https://www.facebook.com/miguelangel.almarazzamudio/,,,,
SEGUIDOR,esteban.pineda.35380,,https://www.facebook.com/esteban.pineda.35380/,,,,
SEGUIDOR,eduardo.garcia.400818,,https://www.facebook.com/eduardo.garcia.400818/,,,,
SEGUIDOR,juan.castro.500678,,https://www.facebook.com/juan.castro.500678/,,,,
SEGUIDOR,rodrigo.castilloolguin,,https://www.facebook.com/rodrigo.castilloolguin/,,,,
SEGUIDOR,alejandro.gonzalezperalta.50,,https://www.facebook.com/alejandro.gonzalezperalta.50/,,,,
SEGUIDOR,jorgejuan.arellano1,,https://www.facebook.com/jorgejuan.arellano1/,,,,
SEGUIDOR,PLATAFORMASALEKSBLACKBOARDCAMB,,https://www.facebook.com/PLATAFORMASALEKSBLACKBOARDCAMB/,,,,
SEGUIDOR,edrwinfernando.perezjuarez,,https://www.facebook.com/edrwinfernando.perezjuarez/,,,,
SEGUIDOR,jaanai.mitz,,https://www.facebook.com/jaanai.mitz/,,,,
SEGUIDOR,brandon.ramirez.77582359,,https://www.facebook.com/brandon.ramirez.77582359/,,,,
SEGUIDOR,jares.pineda,,https://www.facebook.com/jares.pineda/,,,,
SEGUIDOR,portatilgps,,https://www.facebook.com/portatilgps/,,,,
SEGUIDOR,george.pinot.3,,https://www.facebook.com/george.pinot.3/,,,,
SEGUIDOR,evermartin.recinosreyes,,https://www.facebook.com/evermartin.recinosreyes/,,,,
SEGUIDOR,guillermo.pulido.7737,,https://www.facebook.com/guillermo.pulido.7737/,,,,
SEGUIDOR,gonzalo.rodriguez.178639,,https://www.facebook.com/gonzalo.rodriguez.178639/,,,,
SEGUIDOR,enrique.banosrodriguez1,,https://www.facebook.com/enrique.banosrodriguez1/,,,,
SEGUIDOR,euni.sol,,https://www.facebook.com/euni.sol/,,,,
SEGUIDOR,samuel.carrillohernandez,,https://www.facebook.com/samuel.carrillohernandez/,,,,
SEGUIDOR,sebastian.almeraya.79,,https://www.facebook.com/sebastian.almeraya.79/,,,,
SEGUIDOR,kalifragilistycoespialidoso,,https://www.facebook.com/kalifragilistycoespialidoso/,,,,
SEGUIDOR,estrella.tellez.1481,,https://www.facebook.com/estrella.tellez.1481/,,,,
SEGUIDOR,brayan.ruizgalan.5,,https://www.facebook.com/brayan.ruizgalan.5/,,,,
SEGUIDOR,rodrigo.maciasvaleriano,,https://www.facebook.com/rodrigo.maciasvaleriano/,,,,
SEGUIDOR,brian.montiel.370,,https://www.facebook.com/brian.montiel.370/,,,,
SEGUIDOR,papel.rodriguez.1,,https://www.facebook.com/papel.rodriguez.1/,,,,
SEGUIDOR,marcoantonio.liebremartinez,,https://www.facebook.com/marcoantonio.liebremartinez/,,,,
SEGUIDOR,kilem.riammy,,https://www.facebook.com/kilem.riammy/,,,,
SEGUIDOR,richy.medina.355,,https://www.facebook.com/richy.medina.355/,,,,
SEGUIDOR,luis.mota.811182,,https://www.facebook.com/luis.mota.811182/,,,,
SEGUIDOR,ed.vanchis,,https://www.facebook.com/ed.vanchis/,,,,
SEGUIDOR,mauricio.avila.salinas,,https://www.facebook.com/mauricio.avila.salinas/,,,,
SEGUIDOR,abraham.olivarceron,,https://www.facebook.com/abraham.olivarceron/,,,,
SEGUIDOR,david.cede.79,,https://www.facebook.com/david.cede.79/,,,,
SEGUIDOR,khtayba.khtab,,https://www.facebook.com/khtayba.khtab/,,,,
SEGUIDOR,alexis.rosas.39794895,,https://www.facebook.com/alexis.rosas.39794895/,,,,
SEGUIDOR,israel.1408,,https://www.facebook.com/israel.1408/,,,,
SEGUIDOR,francisco.caballero.146069,,https://www.facebook.com/francisco.caballero.146069/,,,,
SEGUIDOR,imanoldavid.hernandezgomez,,https://www.facebook.com/imanoldavid.hernandezgomez/,,,,
SEGUIDOR,arfan.akter.7,,https://www.facebook.com/arfan.akter.7/,,,,
SEGUIDOR,diego.arizmendi.5855,,https://www.facebook.com/diego.arizmendi.5855/,,,,
SEGUIDOR,brandon.lp.130265,,https://www.facebook.com/brandon.lp.130265/,,,,
SEGUIDOR,arturo.suarez.16503,,https://www.facebook.com/arturo.suarez.16503/,,,,
SEGUIDOR,abrahammanuel.maganasegura,,https://www.facebook.com/abrahammanuel.maganasegura/,,,,
SEGUIDOR,maiki.chammpi,,https://www.facebook.com/maiki.chammpi/,,,,
SEGUIDOR,desconocido2121,,https://www.facebook.com/desconocido2121/,,,,
SEGUIDOR,leonel.lm.395,,https://www.facebook.com/leonel.lm.395/,,,,
SEGUIDOR,charli.arroyo.73,,https://www.facebook.com/charli.arroyo.73/,,,,
SEGUIDOR,domingo.santiagosantiago.37,,https://www.facebook.com/domingo.santiagosantiago.37/,,,,
SEGUIDOR,misael.sanchez.madrigal.1990,,https://www.facebook.com/misael.sanchez.madrigal.1990/,,,,
SEGUIDOR,sebas.duran725,,https://www.facebook.com/sebas.duran725/,,,,
SEGUIDOR,shore.meneses,,https://www.facebook.com/shore.meneses/,,,,
SEGUIDOR,E.c.c.y.a.v.s,,https://www.facebook.com/E.c.c.y.a.v.s/,,,,
SEGUIDOR,brandon.bulcano,,https://www.facebook.com/brandon.bulcano/,,,,
SEGUIDOR,fernando.rmrz.2025,,https://www.facebook.com/fernando.rmrz.2025/,,,,
SEGUIDOR,jorge.alvarezdiaz.58,,https://www.facebook.com/jorge.alvarezdiaz.58/,,,,
SEGUIDOR,daniel.morquecho.497052,,https://www.facebook.com/daniel.morquecho.497052/,,,,
SEGUIDOR,fasial.mehar.330,,https://www.facebook.com/fasial.mehar.330/,,,,
SEGUIDOR,ferrr23.10,,https://www.facebook.com/ferrr23.10/,,,,
SEGUIDOR,brayn.alejandrotrujillo.1,,https://www.facebook.com/brayn.alejandrotrujillo.1/,,,,
SEGUIDOR,kevin.ontiveros.90813,,https://www.facebook.com/kevin.ontiveros.90813/,,,,
SEGUIDOR,daaniel.miranda1,,https://www.facebook.com/daaniel.miranda1/,,,,
SEGUIDOR,migueldavidcf,,https://www.facebook.com/migueldavidcf/,,,,
SEGUIDOR,paola.gonzalez.934990,,https://www.facebook.com/paola.gonzalez.934990/,,,,
SEGUIDOR,anthony.paz.conde.2025,,https://www.facebook.com/anthony.paz.conde.2025/,,,,
SEGUIDOR,yoltic.ceron,,https://www.facebook.com/yoltic.ceron/,,,,
SEGUIDOR,nereo.ortega.16,,https://www.facebook.com/nereo.ortega.16/,,,,
SEGUIDOR,joel.javieraguilar,,https://www.facebook.com/joel.javieraguilar/,,,,
SEGUIDOR,peter.mejiaelias,,https://www.facebook.com/peter.mejiaelias/,,,,
SEGUIDOR,josue.castaneda.754727,,https://www.facebook.com/josue.castaneda.754727/,,,,
SEGUIDOR,neymar.victores,,https://www.facebook.com/neymar.victores/,,,,
SEGUIDOR,keto.cdmx.3,,https://www.facebook.com/keto.cdmx.3/,,,,
SEGUIDOR,cristian.ceron.812633,,https://www.facebook.com/cristian.ceron.812633/,,,,
SEGUIDOR,yamilet.olivamoreno,,https://www.facebook.com/yamilet.olivamoreno/,,,,
SEGUIDOR,kallorin.oble.5,,https://www.facebook.com/kallorin.oble.5/,,,,
SEGUIDOR,brazzers.yhasser,,https://www.facebook.com/brazzers.yhasser/,,,,
SEGUIDOR,fany.penaloza.98,,https://www.facebook.com/fany.penaloza.98/,,,,
SEGUIDOR,saulrhernan,,https://www.facebook.com/saulrhernan/,,,,
SEGUIDOR,llados.llados.2025,,https://www.facebook.com/llados.llados.2025/,,,,
SEGUIDOR,yoo.tuul,,https://www.facebook.com/yoo.tuul/,,,,
SEGUIDOR,juanitomanuel.galancarrillo,,https://www.facebook.com/juanitomanuel.galancarrillo/,,,,
SEGUIDOR,mary.patron.2025,,https://www.facebook.com/mary.patron.2025/,,,,
SEGUIDOR,daniel.fabian.16547,,https://www.facebook.com/daniel.fabian.16547/,,,,
SEGUIDOR,amayalizacnite.olivamoreno,,https://www.facebook.com/amayalizacnite.olivamoreno/,,,,
SEGUIDOR,humzer.delcrewneg,,https://www.facebook.com/humzer.delcrewneg/,,,,
SEGUIDOR,luis.angel.ed.2025,,https://www.facebook.com/luis.angel.ed.2025/,,,,
SEGUIDOR,raul.rangel.16568548,,https://www.facebook.com/raul.rangel.16568548/,,,,
SEGUIDOR,isaac.hernandez.615012,,https://www.facebook.com/isaac.hernandez.615012/,,,,
SEGUIDOR,parzival.xacercy.1,,https://www.facebook.com/parzival.xacercy.1/,,,,
SEGUIDOR,dolarmix.ramos,,https://www.facebook.com/dolarmix.ramos/,,,,
SEGUIDOR,vannezitha.pichardo.7,,https://www.facebook.com/vannezitha.pichardo.7/,,,,
SEGUIDOR,richard.felix.5249,,https://www.facebook.com/richard.felix.5249/,,,,
SEGUIDOR,luisfelipe.ramirez.357,,https://www.facebook.com/luisfelipe.ramirez.357/,,,,
SEGUIDOR,beto.miranda.980,,https://www.facebook.com/beto.miranda.980/,,,,
SEGUIDOR,quiropractico.elizalde,,https://www.facebook.com/quiropractico.elizalde/,,,,
SEGUIDOR,wilmer.david.lopez.586687,,https://www.facebook.com/wilmer.david.lopez.586687/,,,,
SEGUIDOR,santa.80chac11,,https://www.facebook.com/santa.80chac11/,,,,
SEGUIDOR,sergio.sanchezanzures.321,,https://www.facebook.com/sergio.sanchezanzures.321/,,,,
SEGUIDOR,argel.elizalde.9,,https://www.facebook.com/argel.elizalde.9/,,,,
SEGUIDOR,edson.sabroso,,https://www.facebook.com/edson.sabroso/,,,,
SEGUIDOR,otmane.assas.5,,https://www.facebook.com/otmane.assas.5/,,,,
SEGUIDOR,kalid.galvez,,https://www.facebook.com/kalid.galvez/,,,,
SEGUIDOR,zaret.alvarez.1,,https://www.facebook.com/zaret.alvarez.1/,,,,
SEGUIDOR,dan.flower.961,,https://www.facebook.com/dan.flower.961/,,,,
SEGUIDOR,joseluis.espejel.52,,https://www.facebook.com/joseluis.espejel.52/,,,,
SEGUIDOR,prabhat.choudhary.9674,,https://www.facebook.com/prabhat.choudhary.9674/,,,,
SEGUIDOR,MiguelAQG,,https://www.facebook.com/MiguelAQG/,,,,
SEGUIDOR,raul.meneses.944,,https://www.facebook.com/raul.meneses.944/,,,,
SEGUIDOR,adrian130503hernandez,,https://www.facebook.com/adrian130503hernandez/,,,,
SEGUIDOR,zaretdanae.alvarezramos,,https://www.facebook.com/zaretdanae.alvarezramos/,,,,
SEGUIDOR,angel.delao.3760,,https://www.facebook.com/angel.delao.3760/,,,,
SEGUIDOR,whockret,,https://www.facebook.com/whockret/,,,,
SEGUIDOR,messi.sanchez.564,,https://www.facebook.com/messi.sanchez.564/,,,,
SEGUIDOR,victor.duana.5,,https://www.facebook.com/victor.duana.5/,,,,
SEGUIDOR,ingridmaria.martinezmolina.1,,https://www.facebook.com/ingridmaria.martinezmolina.1/,,,,
SEGUIDOR,natalie.l.batten,,https://www.facebook.com/natalie.l.batten/,,,,
SEGUIDOR,solaiman.islam.7315,,https://www.facebook.com/solaiman.islam.7315/,,,,
SEGUIDOR,rusmanahmat.arshavin,,https://www.facebook.com/rusmanahmat.arshavin/,,,,
SEGUIDOR,luisfelipe.ramirez.7906,,https://www.facebook.com/luisfelipe.ramirez.7906/,,,,
SEGUIDOR,tito.velazquez.10048,,https://www.facebook.com/tito.velazquez.10048/,,,,
SEGUIDOR,noah.mafra.3,,https://www.facebook.com/noah.mafra.3/,,,,
SEGUIDOR,raymundo.lunagonzalez,,https://www.facebook.com/raymundo.lunagonzalez/,,,,
SEGUIDOR,erik.buendia.796,,https://www.facebook.com/erik.buendia.796/,,,,
SEGUIDOR,yordi.bermudes,,https://www.facebook.com/yordi.bermudes/,,,,
SEGUIDOR,bombom.magno,,https://www.facebook.com/bombom.magno/,,,,
SEGUIDOR,kennia.peraltasala,,https://www.facebook.com/kennia.peraltasala/,,,,
SEGUIDOR,naomi.peratlasalas,,https://www.facebook.com/naomi.peratlasalas/,,,,
SEGUIDOR,josue.juarez.9081323,,https://www.facebook.com/josue.juarez.9081323/,,,,
SEGUIDOR,uriel.chigocortez.7,,https://www.facebook.com/uriel.chigocortez.7/,,,,
SEGUIDOR,carlos.zaragoza.1466126,,https://www.facebook.com/carlos.zaragoza.1466126/,,,,
SEGUIDOR,eder.hernandez.7982780,,https://www.facebook.com/eder.hernandez.7982780/,,,,
SEGUIDOR,dorhita.pichardo,,https://www.facebook.com/dorhita.pichardo/,,,,
SEGUIDOR,brandon.buendia.96387,,https://www.facebook.com/brandon.buendia.96387/,,,,
SEGUIDOR,ahmad.sarhan.9655,,https://www.facebook.com/ahmad.sarhan.9655/,,,,
SEGUIDOR,eduardojosue.rivasduran,,https://www.facebook.com/eduardojosue.rivasduran/,,,,
SEGUIDOR,karla.arroyo.946,,https://www.facebook.com/karla.arroyo.946/,,,,
SEGUIDOR,RonaldoHdZ121,,https://www.facebook.com/RonaldoHdZ121/,,,,
SEGUIDOR,wendoly.gomezflores,,https://www.facebook.com/wendoly.gomezflores/,,,,
SEGUIDOR,isait.jimenesramos,,https://www.facebook.com/isait.jimenesramos/,,,,
SEGUIDOR,cristopher.hernandez.7731247,,https://www.facebook.com/cristopher.hernandez.7731247/,,,,
SEGUIDOR,ulises.hernandez.205590,,https://www.facebook.com/ulises.hernandez.205590/,,,,
SEGUIDOR,daniels.sam.754,,https://www.facebook.com/daniels.sam.754/,,,,
SEGUIDOR,kevin.rodriguez.724013,,https://www.facebook.com/kevin.rodriguez.724013/,,,,
SEGUIDOR,uriel.monrroy.773,,https://www.facebook.com/uriel.monrroy.773/,,,,
SEGUIDOR,Estephany.Esquivel.Rojas,,https://www.facebook.com/Estephany.Esquivel.Rojas/,,,,
SEGUIDOR,geovanii.regalado,,https://www.facebook.com/geovanii.regalado/,,,,
SEGUIDOR,jose.ilbeno.75,,https://www.facebook.com/jose.ilbeno.75/,,,,
SEGUIDOR,gerardo.juarez.733076,,https://www.facebook.com/gerardo.juarez.733076/,,,,
SEGUIDOR,johana.romero.520357,,https://www.facebook.com/johana.romero.520357/photos/,,,,
SEGUIDOR,johana.romero.520357,,https://www.facebook.com/johana.romero.520357/photos_by/,,,,
SEGUIDOR,johana.romero.520357,,https://www.facebook.com/johana.romero.520357/photos_albums/,,,,
SEGUIDOR,johana.romero.520357,,https://www.facebook.com/johana.romero.520357/map/,,,,
SEGUIDOR,johana.romero.520357,,https://www.facebook.com/johana.romero.520357/places_recent/,,,,
SEGUIDOR,johana.romero.520357,,https://www.facebook.com/johana.romero.520357/reviews_given/,,,,
SEGUIDO,l.php,,https://l.facebook.com/l.php/,,,,
SEGUIDO,johana.romero.520357,,https://www.facebook.com/johana.romero.520357/about/,,,,
SEGUIDO,johana.romero.520357,,https://www.facebook.com/johana.romero.520357/photos/,,,,
SEGUIDO,johana.romero.520357,,https://www.facebook.com/johana.romero.520357/photos_by/,,,,
SEGUIDO,johana.romero.520357,,https://www.facebook.com/johana.romero.520357/photos_albums/,,,,
SEGUIDO,johana.romero.520357,,https://www.facebook.com/johana.romero.520357/map/,,,,
SEGUIDO,johana.romero.520357,,https://www.facebook.com/johana.romero.520357/places_recent/,,,,
SEGUIDO,johana.romero.520357,,https://www.facebook.com/johana.romero.520357/reviews_given/,,,,
REACCION_FOTO,aaron.espinosa.280713,,https://www.facebook.com/aaron.espinosa.280713/,,,reaction,
REACCION_FOTO,adistair.santiago.sanchez,,https://www.facebook.com/adistair.santiago.sanchez/,,,reaction,
REACCION_FOTO,Sinestram,,https://www.facebook.com/Sinestram/,,,reaction,
REACCION_FOTO,unknown,,https://www.facebook.com/profile.php/,,,reaction,
REACCION_FOTO,lalo.aussenac.gutierrez,,https://www.facebook.com/lalo.aussenac.gutierrez/,,,reaction,
REACCION_FOTO,noe.martinez.626668,,https://www.facebook.com/noe.martinez.626668/,,,reaction,
REACCION_FOTO,erik.roman.311,,https://www.facebook.com/erik.roman.311/,,,reaction,
REACCION_FOTO,emeersonn,,https://www.facebook.com/emeersonn/,,,reaction,
REACCION_FOTO,Albertoojhdz,,https://www.facebook.com/Albertoojhdz/,,,reaction,
REACCION_FOTO,Uriel.Perez.Gan,,https://www.facebook.com/Uriel.Perez.Gan/,,,reaction,
REACCION_FOTO,gilbertoefren.rodriguezdelgadillo,,https://www.facebook.com/gilbertoefren.rodriguezdelgadillo/,,,reaction,
REACCION_FOTO,arath.delaogonzalez,,https://www.facebook.com/arath.delaogonzalez/,,,reaction,
REACCION_FOTO,angelnatanael.navavalencia,,https://www.facebook.com/angelnatanael.navavalencia/,,,reaction,
REACCION_FOTO,alexia.aguilarsalceda,,https://www.facebook.com/alexia.aguilarsalceda/,,,reaction,
REACCION_FOTO,naresh.hernandezpichardo,,https://www.facebook.com/naresh.hernandezpichardo/,,,reaction,
REACCION_FOTO,luis.estrada.792303,,https://www.facebook.com/luis.estrada.792303/,,,reaction,
REACCION_FOTO,aranzaxcs,,https://www.facebook.com/aranzaxcs/,,,reaction,
REACCION_FOTO,emilio.silva.52831,,https://www.facebook.com/emilio.silva.52831/,,,reaction,
REACCION_FOTO,irvin.gonzalez.3799,,https://www.facebook.com/irvin.gonzalez.3799/,,,reaction,
REACCION_FOTO,pablo.ruiz.346366,,https://www.facebook.com/pablo.ruiz.346366/,,,reaction,
REACCION_FOTO,abner.parker.2025,,https://www.facebook.com/abner.parker.2025/,,,reaction,
REACCION_FOTO,ernesto.rodriguez.706200,,https://www.facebook.com/ernesto.rodriguez.706200/,,,reaction,
REACCION_FOTO,kevin.real.3150,,https://www.facebook.com/kevin.real.3150/,,,reaction,
REACCION_FOTO,chikis.navarrete,,https://www.facebook.com/chikis.navarrete/,,,reaction,
REACCION_FOTO,luisdaniel.torres.395,,https://www.facebook.com/luisdaniel.torres.395/,,,reaction,
REACCION_FOTO,alberto.martinez.1998,,https://www.facebook.com/alberto.martinez.1998/,,,reaction,
REACCION_FOTO,alberto.martinez.138161,,https://www.facebook.com/alberto.martinez.138161/,,,reaction,
REACCION_FOTO,roberto.cordova.94695,,https://www.facebook.com/roberto.cordova.94695/,,,reaction,
REACCION_FOTO,aronantonio.cantuenrriques,,https://www.facebook.com/aronantonio.cantuenrriques/,,,reaction,
REACCION_FOTO,jonathan.chavesmartines,,https://www.facebook.com/jonathan.chavesmartines/,,,reaction,
REACCION_FOTO,camila.beristain.90,,https://www.facebook.com/camila.beristain.90/,,,reaction,
REACCION_FOTO,emanuel.dr.2025,,https://www.facebook.com/emanuel.dr.2025/,,,reaction,
REACCION_FOTO,karen.luna.738686,,https://www.facebook.com/karen.luna.738686/,,,reaction,
REACCION_FOTO,luisito.ah.2025,,https://www.facebook.com/luisito.ah.2025/,,,reaction,
REACCION_FOTO,claudia.magnogonzalez,,https://www.facebook.com/claudia.magnogonzalez/,,,reaction,
REACCION_FOTO,hao.yuan.480571,,https://www.facebook.com/hao.yuan.480571/,,,reaction,
REACCION_FOTO,freddy.campero.ruiz.2025,,https://www.facebook.com/freddy.campero.ruiz.2025/,,,reaction,
REACCION_FOTO,alexa.ac.77,,https://www.facebook.com/alexa.ac.77/,,,reaction,
REACCION_FOTO,carmela.rodz.2025,,https://www.facebook.com/carmela.rodz.2025/,,,reaction,
REACCION_FOTO,luzelena.floresflores.1,,https://www.facebook.com/luzelena.floresflores.1/,,,reaction,
REACCION_FOTO,david.diaz.808195,,https://www.facebook.com/david.diaz.808195/,,,reaction,
REACCION_FOTO,emiliano.prado.1628,,https://www.facebook.com/emiliano.prado.1628/,,,reaction,
REACCION_FOTO,iker.tristan.2025,,https://www.facebook.com/iker.tristan.2025/,,,reaction,
REACCION_FOTO,josafat.rodrigueztrejo,,https://www.facebook.com/josafat.rodrigueztrejo/,,,reaction,
REACCION_FOTO,JovasEAC,,https://www.facebook.com/JovasEAC/,,,reaction,
REACCION_FOTO,alexis.galvez.397611,,https://www.facebook.com/alexis.galvez.397611/,,,reaction,
REACCION_FOTO,Yuli.macario13,,https://www.facebook.com/Yuli.macario13/,,,reaction,
REACCION_FOTO,ndmldnd,,https://www.facebook.com/ndmldnd/,,,reaction,
REACCION_FOTO,maarhernandezamador21,,https://www.facebook.com/maarhernandezamador21/,,,reaction,
REACCION_FOTO,emanuel.kiragarcia,,https://www.facebook.com/emanuel.kiragarcia/,,,reaction,
REACCION_FOTO,laloFTP,,https://www.facebook.com/laloFTP/,,,reaction,
REACCION_FOTO,joseavp.4451337904826153828193,,https://www.facebook.com/joseavp.4451337904826153828193/,,,reaction,
REACCION_FOTO,israel.munozhernandez.54,,https://www.facebook.com/israel.munozhernandez.54/,,,reaction,
REACCION_FOTO,angarviel,,https://www.facebook.com/angarviel/,,,reaction,
REACCION_FOTO,mary.peralta.90834,,https://www.facebook.com/mary.peralta.90834/,,,reaction,
REACCION_FOTO,aranzasu.urbano.77,,https://www.facebook.com/aranzasu.urbano.77/,,,reaction,
REACCION_FOTO,ari.sotelo.77,,https://www.facebook.com/ari.sotelo.77/,,,reaction,
REACCION_FOTO,walker130118,,https://www.facebook.com/walker130118/,,,reaction,
REACCION_FOTO,nadia.castillo.7ga,,https://www.facebook.com/nadia.castillo.7ga/,,,reaction,
REACCION_FOTO,luis.monroy.7923030,,https://www.facebook.com/luis.monroy.7923030/,,,reaction,
REACCION_FOTO,valeria.tovar.7106,,https://www.facebook.com/valeria.tovar.7106/,,,reaction,
REACCION_FOTO,sg.humbert,,https://www.facebook.com/sg.humbert/,,,reaction,
REACCION_FOTO,mario.sanchezalvarado.779,,https://www.facebook.com/mario.sanchezalvarado.779/,,,reaction,
REACCION_FOTO,vitrales.imparableromero,,https://www.facebook.com/vitrales.imparableromero/,,,reaction,
REACCION_FOTO,erandy.leyva.104,,https://www.facebook.com/erandy.leyva.104/,,,reaction,
REACCION_FOTO,mazawizi,,https://www.facebook.com/mazawizi/,,,reaction,
REACCION_FOTO,polloreto.sg,,https://www.facebook.com/polloreto.sg/,,,reaction,
REACCION_FOTO,jose.luis.guerrero.908577,,https://www.facebook.com/jose.luis.guerrero.908577/,,,reaction,
REACCION_FOTO,leonel.murrieta.547,,https://www.facebook.com/leonel.murrieta.547/,,,reaction,
REACCION_FOTO,christopher.dominguezcortez.5,,https://www.facebook.com/christopher.dominguezcortez.5/,,,reaction,
REACCION_FOTO,sofia.montes.777521,,https://www.facebook.com/sofia.montes.777521/,,,reaction,
REACCION_FOTO,daniela.reyes.89850,,https://www.facebook.com/daniela.reyes.89850/,,,reaction,
REACCION_FOTO,jared.qm.50,,https://www.facebook.com/jared.qm.50/,,,reaction,
REACCION_FOTO,jonathan.pocel,,https://www.facebook.com/jonathan.pocel/,,,reaction,
REACCION_FOTO,alex.alcibar.520,,https://www.facebook.com/alex.alcibar.520/,,,reaction,
REACCION_FOTO,jac.hope.7,,https://www.facebook.com/jac.hope.7/,,,reaction,
REACCION_FOTO,angel.garcia.39841,,https://www.facebook.com/angel.garcia.39841/,,,reaction,
REACCION_FOTO,david.angeles.395017,,https://www.facebook.com/david.angeles.395017/,,,reaction,
REACCION_FOTO,jordi.luna.807678,,https://www.facebook.com/jordi.luna.807678/,,,reaction,
REACCION_FOTO,emmanuel.galvez.9022,,https://www.facebook.com/emmanuel.galvez.9022/,,,reaction,
REACCION_FOTO,uri.molina.140298,,https://www.facebook.com/uri.molina.140298/,,,reaction,
COMENTARIO_FOTO,carmela.rodz.2025,,https://www.facebook.com/carmela.rodz.2025/,,,comment,
COMENTARIO_FOTO,luzelena.floresflores.1,,https://www.facebook.com/luzelena.floresflores.1/,,,comment,
COMENTARIO_FOTO,vitrales.imparableromero,,https://www.facebook.com/vitrales.imparableromero/,,,comment,
COMENTARIO_FOTO,mary.peralta.90834,,https://www.facebook.com/mary.peralta.90834/,,,comment,
COMENTARIO_FOTO,jonathan.pocel,,https://www.facebook.com/jonathan.pocel/,,,comment,
COMENTARIO_FOTO,aranzaxcs,,https://www.facebook.com/aranzaxcs/,,,comment,
COMENTARIO_FOTO,josafat.rodrigueztrejo,,https://www.facebook.com/josafat.rodrigueztrejo/,,,comment,
